Detector,Profile,File,Threshold,Score,TP,TN,FP,FN,Total_Count
ewma,reward_low_FN_rate,artificialNoAnomaly/art_daily_no_noise.csv,0.9347021917460236,-2.64,0,3404,24,0,3428
ewma,reward_low_FN_rate,artificialNoAnomaly/art_daily_perfect_square_wave.csv,0.9347021917460236,-2.64,0,3404,24,0,3428
ewma,reward_low_FN_rate,artificialNoAnomaly/art_daily_small_noise.csv,0.9347021917460236,-1.8700000000000008,0,3411,17,0,3428
ewma,reward_low_FN_rate,artificialNoAnomaly/art_flatline.csv,0.9347021917460236,0.0,0,3428,0,0,3428
ewma,reward_low_FN_rate,artificialNoAnomaly/art_noisy.csv,0.9347021917460236,0.0,0,3428,0,0,3428
ewma,reward_low_FN_rate,artificialWithAnomaly/art_daily_flatmiddle.csv,0.9347021917460236,-1.2283456022636683,2,3004,21,401,3428
ewma,reward_low_FN_rate,artificialWithAnomaly/art_daily_jumpsdown.csv,0.9347021917460236,-0.35832972254864737,2,3012,13,401,3428
ewma,reward_low_FN_rate,artificialWithAnomaly/art_daily_jumpsup.csv,0.9347021917460236,-0.6215165010645758,2,3011,14,401,3428
ewma,reward_low_FN_rate,artificialWithAnomaly/art_daily_nojump.csv,0.9347021917460236,-0.5783297225486478,1,3010,15,402,3428
ewma,reward_low_FN_rate,artificialWithAnomaly/art_increase_spike_density.csv,0.9347021917460236,-2.2510243836360138,4,2995,30,399,3428
ewma,reward_low_FN_rate,artificialWithAnomaly/art_load_balancer_spikes.csv,0.9347021917460236,-1.966731723919847,1,2998,27,402,3428
ewma,reward_low_FN_rate,realAdExchange/exchange-2_cpc_results.csv,0.9347021917460236,-2.0,0,1218,0,163,1381
ewma,reward_low_FN_rate,realAdExchange/exchange-2_cpm_results.csv,0.9347021917460236,-4.0,0,1219,0,162,1381
ewma,reward_low_FN_rate,realAdExchange/exchange-3_cpc_results.csv,0.9347021917460236,2.5026632611866138,3,1154,1,150,1308
ewma,reward_low_FN_rate,realAdExchange/exchange-3_cpm_results.csv,0.9347021917460236,0.862098587352162,1,1155,0,152,1308
ewma,reward_low_FN_rate,realAdExchange/exchange-4_cpc_results.csv,0.9347021917460236,-0.8174341832469407,2,1227,5,163,1397
ewma,reward_low_FN_rate,realAdExchange/exchange-4_cpm_results.csv,0.9347021917460236,0.2747216799719996,3,1230,3,161,1397
ewma,reward_low_FN_rate,realAWSCloudwatch/ec2_cpu_utilization_24ae8d.csv,0.9347021917460236,0.5948720427262149,3,3015,11,399,3428
ewma,reward_low_FN_rate,realAWSCloudwatch/ec2_cpu_utilization_53ea38.csv,0.9347021917460236,-2.1570482053920905,1,3024,2,401,3428
ewma,reward_low_FN_rate,realAWSCloudwatch/ec2_cpu_utilization_5f5533.csv,0.9347021917460236,-4.0,0,3026,0,402,3428
ewma,reward_low_FN_rate,realAWSCloudwatch/ec2_cpu_utilization_77c1ca.csv,0.9347021917460236,-0.4306839191107785,3,3012,13,400,3428
ewma,reward_low_FN_rate,realAWSCloudwatch/ec2_cpu_utilization_825cc2.csv,0.9347021917460236,0.9210935469102272,3,3084,1,340,3428
ewma,reward_low_FN_rate,realAWSCloudwatch/ec2_cpu_utilization_ac20cd.csv,0.9347021917460236,0.8773127770158184,2,3025,0,401,3428
ewma,reward_low_FN_rate,realAWSCloudwatch/ec2_cpu_utilization_c6585a.csv,0.9347021917460236,-1.3200000000000003,0,3416,12,0,3428
ewma,reward_low_FN_rate,realAWSCloudwatch/ec2_cpu_utilization_fe7f93.csv,0.9347021917460236,-1.9432078649014846,2,3007,16,403,3428
ewma,reward_low_FN_rate,realAWSCloudwatch/ec2_disk_write_bytes_1ef3de.csv,0.9347021917460236,-2.511619622263664,5,3513,35,468,4021
ewma,reward_low_FN_rate,realAWSCloudwatch/ec2_disk_write_bytes_c0d644.csv,0.9347021917460236,-6.616430834246531,1,2990,33,404,3428
ewma,reward_low_FN_rate,realAWSCloudwatch/ec2_network_in_257a54.csv,0.9347021917460236,0.2562765859935662,2,3019,6,401,3428
ewma,reward_low_FN_rate,realAWSCloudwatch/ec2_network_in_5abac7.csv,0.9347021917460236,-0.989935902839583,4,3520,27,470,4021
ewma,reward_low_FN_rate,realAWSCloudwatch/elb_request_count_8c0756.csv,0.9347021917460236,-1.1384491979244022,1,3026,0,401,3428
ewma,reward_low_FN_rate,realAWSCloudwatch/grok_asg_anomaly.csv,0.9347021917460236,-0.9226467289674112,2,3456,7,463,3928
ewma,reward_low_FN_rate,realAWSCloudwatch/iio_us-east-1_i-a2eb1cd9_NetworkIn.csv,0.9347021917460236,-4.220000000000001,0,929,2,126,1057
ewma,reward_low_FN_rate,realAWSCloudwatch/rds_cpu_utilization_cc0c53.csv,0.9347021917460236,-1.1384491979244022,1,3026,0,401,3428
ewma,reward_low_FN_rate,realAWSCloudwatch/rds_cpu_utilization_e47b3b.csv,0.9347021917460236,1.7231016041511955,2,3026,0,400,3428
ewma,reward_low_FN_rate,realKnownCause/ambient_temperature_system_failure.csv,0.9347021917460236,-4.0,0,5791,0,726,6517
ewma,reward_low_FN_rate,realKnownCause/cpu_utilization_asg_misconfiguration.csv,0.9347021917460236,-2.0,0,15801,0,1499,17300
ewma,reward_low_FN_rate,realKnownCause/ec2_request_latency_system_failure.csv,0.9347021917460236,2.016406640190561,3,3082,0,343,3428
ewma,reward_low_FN_rate,realKnownCause/machine_temperature_system_failure.csv,0.9347021917460236,-5.879904036469377,1,19677,0,2267,21945
ewma,reward_low_FN_rate,realKnownCause/nyc_taxi.csv,0.9347021917460236,-10.0,0,8535,0,1035,9570
ewma,reward_low_FN_rate,realKnownCause/rogue_agent_key_hold.csv,0.9347021917460236,0.7295905680266908,2,1402,8,188,1600
ewma,reward_low_FN_rate,realKnownCause/rogue_agent_key_updown.csv,0.9347021917460236,-1.2824092951242974,5,4007,28,525,4565
ewma,reward_low_FN_rate,realTraffic/occupancy_6005.csv,0.9347021917460236,-2.0,0,1784,0,239,2023
ewma,reward_low_FN_rate,realTraffic/occupancy_t4013.csv,0.9347021917460236,-4.0,0,1875,0,250,2125
ewma,reward_low_FN_rate,realTraffic/speed_6005.csv,0.9347021917460236,-2.0,0,1886,0,239,2125
ewma,reward_low_FN_rate,realTraffic/speed_7578.csv,0.9347021917460236,-5.238395793667129,1,841,1,115,958
ewma,reward_low_FN_rate,realTraffic/speed_t4013.csv,0.9347021917460236,-1.1265855756115903,1,1871,0,249,2121
ewma,reward_low_FN_rate,realTraffic/TravelTime_387.csv,0.9347021917460236,-0.6019626615705636,2,1873,3,247,2125
ewma,reward_low_FN_rate,realTraffic/TravelTime_451.csv,0.9347021917460236,0.4249371811857847,1,1617,4,216,1838
ewma,reward_low_FN_rate,realTweets/Twitter_volume_AAPL.csv,0.9347021917460236,-4.023739652363362,10,13489,75,1578,15152
ewma,reward_low_FN_rate,realTweets/Twitter_volume_AMZN.csv,0.9347021917460236,-0.839980843504831,5,13486,15,1575,15081
ewma,reward_low_FN_rate,realTweets/Twitter_volume_CRM.csv,0.9347021917460236,-0.872253311068174,3,13552,7,1590,15152
ewma,reward_low_FN_rate,realTweets/Twitter_volume_CVS.csv,0.9347021917460236,-0.45962668923750016,5,13547,30,1521,15103
ewma,reward_low_FN_rate,realTweets/Twitter_volume_FB.csv,0.9347021917460236,-1.3694147066658984,6,13471,30,1576,15083
ewma,reward_low_FN_rate,realTweets/Twitter_volume_GOOG.csv,0.9347021917460236,1.2675948619794326,6,13646,14,1426,15092
ewma,reward_low_FN_rate,realTweets/Twitter_volume_IBM.csv,0.9347021917460236,-0.48096151725711034,6,13531,22,1584,15143
ewma,reward_low_FN_rate,realTweets/Twitter_volume_KO.csv,0.9347021917460236,-5.242396665100867,4,13467,47,1583,15101
ewma,reward_low_FN_rate,realTweets/Twitter_volume_PFE.csv,0.9347021917460236,-5.119405786549109,2,13494,26,1586,15108
ewma,reward_low_FN_rate,realTweets/Twitter_volume_UPS.csv,0.9347021917460236,-1.2209417807098806,10,13479,52,1575,15116
Totals,,,,-93.6674922910081,126,298626,721,33369,332842
