timestamp,value,anomaly_score,label,S(t)_standard,S(t)_reward_low_FP_rate,S(t)_reward_low_FN_rate
2015-09-08 11:39:00,73,0.0,0,-0.11,-0.22,-0.11
2015-09-08 11:44:00,62,0.0,0,-0.11,-0.22,-0.11
2015-09-08 11:59:00,66,0.0,0,-0.11,-0.22,-0.11
2015-09-08 12:19:00,69,0.0,0,-0.11,-0.22,-0.11
2015-09-08 12:24:00,65,0.0,0,-0.11,-0.22,-0.11
2015-09-08 12:27:00,76,0.0,0,-0.11,-0.22,-0.11
2015-09-08 12:32:00,65,0.0,0,-0.11,-0.22,-0.11
2015-09-08 12:46:00,62,0.0,0,-0.11,-0.22,-0.11
2015-09-08 12:51:00,61,0.0,0,-0.11,-0.22,-0.11
2015-09-08 13:01:00,65,0.0,0,-0.11,-0.22,-0.11
2015-09-08 13:21:00,68,0.0,0,-0.11,-0.22,-0.11
2015-09-08 13:26:00,66,0.0,0,-0.11,-0.22,-0.11
2015-09-08 13:31:00,67,0.0,0,-0.11,-0.22,-0.11
2015-09-08 13:36:00,65,0.0,0,-0.11,-0.22,-0.11
2015-09-08 13:41:00,67,0.0,0,-0.11,-0.22,-0.11
2015-09-08 13:46:00,67,0.0,0,-0.11,-0.22,-0.11
2015-09-08 13:56:00,69,0.0,0,-0.11,-0.22,-0.11
2015-09-08 14:11:00,68,0.0,0,-0.11,-0.22,-0.11
2015-09-08 14:16:00,68,0.0,0,-0.11,-0.22,-0.11
2015-09-08 14:21:00,67,0.0,0,-0.11,-0.22,-0.11
2015-09-08 14:46:00,66,0.0,0,-0.11,-0.22,-0.11
2015-09-08 14:51:00,68,0.0,0,-0.11,-0.22,-0.11
2015-09-08 15:16:00,69,0.0,0,-0.11,-0.22,-0.11
2015-09-08 15:21:00,65,0.0,0,-0.11,-0.22,-0.11
2015-09-08 15:26:00,70,0.0,0,-0.11,-0.22,-0.11
2015-09-08 15:29:00,66,0.0,0,-0.11,-0.22,-0.11
2015-09-08 15:41:00,65,0.0,0,-0.11,-0.22,-0.11
2015-09-08 16:15:00,64,0.0,0,-0.11,-0.22,-0.11
2015-09-08 16:31:00,66,0.0,0,-0.11,-0.22,-0.11
2015-09-08 16:36:00,69,0.0,0,-0.11,-0.22,-0.11
2015-09-08 16:41:00,64,0.0,0,-0.11,-0.22,-0.11
2015-09-08 16:56:00,69,0.0,0,-0.11,-0.22,-0.11
2015-09-08 17:11:00,65,0.0,0,-0.11,-0.22,-0.11
2015-09-08 17:16:00,68,0.0,0,-0.11,-0.22,-0.11
2015-09-08 17:21:00,67,0.0,0,-0.11,-0.22,-0.11
2015-09-08 17:26:00,69,0.0,0,-0.11,-0.22,-0.11
2015-09-08 17:31:00,66,0.0,0,-0.11,-0.22,-0.11
2015-09-08 17:36:00,69,0.0,0,-0.11,-0.22,-0.11
2015-09-08 17:41:00,66,0.0,0,-0.11,-0.22,-0.11
2015-09-08 17:46:00,65,0.0,0,-0.11,-0.22,-0.11
2015-09-08 17:51:00,66,0.0,0,-0.11,-0.22,-0.11
2015-09-08 17:56:00,65,0.0,0,-0.11,-0.22,-0.11
2015-09-08 17:57:00,64,0.0,0,-0.11,-0.22,-0.11
2015-09-08 18:36:00,70,0.0,0,-0.11,-0.22,-0.11
2015-09-08 18:46:00,69,0.0,0,-0.11,-0.22,-0.11
2015-09-08 18:51:00,66,0.0,0,-0.11,-0.22,-0.11
2015-09-08 18:56:00,68,0.0,0,-0.11,-0.22,-0.11
2015-09-08 19:06:00,71,0.0,0,-0.11,-0.22,-0.11
2015-09-08 20:11:00,63,0.0,0,-0.11,-0.22,-0.11
2015-09-08 20:31:00,67,0.0,0,-0.11,-0.22,-0.11
2015-09-08 20:41:00,62,0.0,0,-0.11,-0.22,-0.11
2015-09-08 20:51:00,64,0.0,0,-0.11,-0.22,-0.11
2015-09-08 21:01:00,59,0.0,0,-0.11,-0.22,-0.11
2015-09-08 21:06:00,65,0.0,0,-0.11,-0.22,-0.11
2015-09-08 21:31:00,58,0.0,0,-0.11,-0.22,-0.11
2015-09-08 21:41:00,64,0.0,0,-0.11,-0.22,-0.11
2015-09-08 22:31:00,63,0.0,0,-0.11,-0.22,-0.11
2015-09-08 22:41:00,66,0.0,0,-0.11,-0.22,-0.11
2015-09-08 23:16:00,66,0.0,0,-0.11,-0.22,-0.11
2015-09-08 23:31:00,60,0.0,0,-0.11,-0.22,-0.11
2015-09-09 00:06:00,57,0.0,0,-0.11,-0.22,-0.11
2015-09-09 01:16:00,58,0.0,0,-0.11,-0.22,-0.11
2015-09-09 07:34:00,69,0.0,0,-0.11,-0.22,-0.11
2015-09-09 09:20:00,70,0.0,0,-0.11,-0.22,-0.11
2015-09-09 09:58:00,66,0.0,0,-0.11,-0.22,-0.11
2015-09-09 10:23:00,68,0.0,0,-0.11,-0.22,-0.11
2015-09-09 10:33:00,65,0.0,0,-0.11,-0.22,-0.11
2015-09-09 10:38:00,68,0.0,0,-0.11,-0.22,-0.11
2015-09-09 10:43:00,68,0.0,0,-0.11,-0.22,-0.11
2015-09-09 10:48:00,70,0.0,0,-0.11,-0.22,-0.11
2015-09-09 10:53:00,67,0.0,0,-0.11,-0.22,-0.11
2015-09-09 11:03:00,73,0.0,0,-0.11,-0.22,-0.11
2015-09-09 11:08:00,77,0.0,0,-0.11,-0.22,-0.11
2015-09-09 11:13:00,75,0.0,0,-0.11,-0.22,-0.11
2015-09-09 11:18:00,71,0.0,0,-0.11,-0.22,-0.11
2015-09-09 11:23:00,73,0.0,0,-0.11,-0.22,-0.11
2015-09-09 11:43:00,68,0.0,0,-0.11,-0.22,-0.11
2015-09-09 11:48:00,58,0.0,0,-0.11,-0.22,-0.11
2015-09-09 12:03:00,65,0.0,0,-0.11,-0.22,-0.11
2015-09-09 12:13:00,65,0.0,0,-0.11,-0.22,-0.11
2015-09-09 12:33:00,65,0.0,0,-0.11,-0.22,-0.11
2015-09-09 12:48:00,66,0.0,0,-0.11,-0.22,-0.11
2015-09-09 13:08:00,74,0.0,0,-0.11,-0.22,-0.11
2015-09-09 13:33:00,64,0.0,0,-0.11,-0.22,-0.11
2015-09-09 13:38:00,68,0.0,0,-0.11,-0.22,-0.11
2015-09-09 13:43:00,65,0.0,0,-0.11,-0.22,-0.11
2015-09-09 13:48:00,69,0.0,0,-0.11,-0.22,-0.11
2015-09-09 13:53:00,70,0.0,0,-0.11,-0.22,-0.11
2015-09-09 13:58:00,64,0.0,0,-0.11,-0.22,-0.11
2015-09-09 14:08:00,65,0.0,0,-0.11,-0.22,-0.11
2015-09-09 14:13:00,67,0.0,0,-0.11,-0.22,-0.11
2015-09-09 14:38:00,68,0.0,0,-0.11,-0.22,-0.11
2015-09-09 14:48:00,66,0.0,0,-0.11,-0.22,-0.11
2015-09-09 14:53:00,63,0.0,0,-0.11,-0.22,-0.11
2015-09-09 15:03:00,68,0.0,0,-0.11,-0.22,-0.11
2015-09-09 15:08:00,68,0.0,0,-0.11,-0.22,-0.11
2015-09-09 15:13:00,73,0.0,0,-0.11,-0.22,-0.11
2015-09-09 15:18:00,79,0.0,0,-0.11,-0.22,-0.11
2015-09-09 15:23:00,64,0.0,0,-0.11,-0.22,-0.11
2015-09-09 15:28:00,67,0.0,0,-0.11,-0.22,-0.11
2015-09-09 15:38:00,62,0.0,0,-0.11,-0.22,-0.11
2015-09-09 15:43:00,68,0.0,0,-0.11,-0.22,-0.11
2015-09-09 15:48:00,70,0.0,0,-0.11,-0.22,-0.11
2015-09-09 16:08:00,67,0.0,0,-0.11,-0.22,-0.11
2015-09-09 16:13:00,70,0.0,0,-0.11,-0.22,-0.11
2015-09-09 16:23:00,65,0.0,0,-0.11,-0.22,-0.11
2015-09-09 16:33:00,67,0.0,0,-0.11,-0.22,-0.11
2015-09-09 16:43:00,71,0.0,0,-0.11,-0.22,-0.11
2015-09-09 16:48:00,69,0.0,0,-0.11,-0.22,-0.11
2015-09-09 16:53:00,64,0.0,0,-0.11,-0.22,-0.11
2015-09-09 16:58:00,63,0.0,0,-0.11,-0.22,-0.11
2015-09-09 17:03:00,62,0.0,0,-0.11,-0.22,-0.11
2015-09-09 17:08:00,55,0.0,0,-0.11,-0.22,-0.11
2015-09-09 17:13:00,48,0.0,0,-0.11,-0.22,-0.11
2015-09-09 17:18:00,56,0.0,0,-0.11,-0.22,-0.11
2015-09-09 17:23:00,51,0.0,0,-0.11,-0.22,-0.11
2015-09-09 17:28:00,60,0.0,0,-0.11,-0.22,-0.11
2015-09-09 17:33:00,43,0.0,0,-0.11,-0.22,-0.11
2015-09-09 17:38:00,62,0.0,0,-0.11,-0.22,-0.11
2015-09-09 17:43:00,70,0.0,0,-0.11,-0.22,-0.11
2015-09-09 17:48:00,65,0.0,0,-0.11,-0.22,-0.11
2015-09-09 17:58:00,70,0.0,0,-0.11,-0.22,-0.11
2015-09-09 18:03:00,67,0.0,0,-0.11,-0.22,-0.11
2015-09-09 18:13:00,70,0.0,0,-0.11,-0.22,-0.11
2015-09-09 18:18:00,67,0.0,0,-0.11,-0.22,-0.11
2015-09-09 18:23:00,69,0.0,0,-0.11,-0.22,-0.11
2015-09-09 18:28:00,69,0.0,0,-0.11,-0.22,-0.11
2015-09-09 18:38:00,68,0.0,0,-0.11,-0.22,-0.11
2015-09-09 18:43:00,67,0.0,0,-0.11,-0.22,-0.11
2015-09-09 19:03:00,66,0.0,0,-0.11,-0.22,-0.11
2015-09-09 19:38:00,63,0.0,0,-0.11,-0.22,-0.11
2015-09-09 19:48:00,68,0.0,0,-0.11,-0.22,-0.11
2015-09-09 20:03:00,68,0.0,0,-0.11,-0.22,-0.11
2015-09-09 20:13:00,65,0.0,0,-0.11,-0.22,-0.11
2015-09-09 20:18:00,60,0.0,0,-0.11,-0.22,-0.11
2015-09-09 20:23:00,65,0.0,0,-0.11,-0.22,-0.11
2015-09-09 20:38:00,64,0.0,0,-0.11,-0.22,-0.11
2015-09-09 20:58:00,57,0.0,0,-0.11,-0.22,-0.11
2015-09-09 21:13:00,57,0.0,0,-0.11,-0.22,-0.11
2015-09-09 21:28:00,62,0.0,0,-0.11,-0.22,-0.11
2015-09-09 21:33:00,55,0.0,0,-0.11,-0.22,-0.11
2015-09-09 21:48:00,61,0.0,0,-0.11,-0.22,-0.11
2015-09-09 21:53:00,61,0.0,0,-0.11,-0.22,-0.11
2015-09-09 22:33:00,58,0.0,0,-0.11,-0.22,-0.11
2015-09-09 22:41:00,65,0.0,0,-0.11,-0.22,-0.11
2015-09-09 23:38:00,65,0.0,0,-0.11,-0.22,-0.11
2015-09-09 23:53:00,62,0.0,0,-0.11,-0.22,-0.11
2015-09-10 05:33:00,68,0.0,0,-0.11,-0.22,-0.11
2015-09-10 05:45:00,61,0.0,0,-0.11,-0.22,-0.11
2015-09-10 08:00:00,62,0.0,0,-0.11,-0.22,-0.11
2015-09-10 08:18:00,73,0.0,0,-0.11,-0.22,-0.11
2015-09-10 08:33:00,70,0.0,0,-0.11,-0.22,-0.11
2015-09-10 08:43:00,65,0.0,0,-0.11,-0.22,-0.11
2015-09-10 08:53:00,65,0.0,0,-0.11,-0.22,-0.11
2015-09-10 09:13:00,61,0.0,0,-0.11,-0.22,-0.11
2015-09-10 09:23:00,64,0.0,0,-0.11,-0.22,-0.11
2015-09-10 09:28:00,62,0.0,0,-0.11,-0.22,-0.11
2015-09-10 09:48:00,75,0.0,0,-0.11,-0.22,-0.11
2015-09-10 09:52:00,66,0.0,0,-0.11,-0.22,-0.11
2015-09-10 10:02:00,71,0.0,0,-0.11,-0.22,-0.11
2015-09-10 10:07:00,66,0.0,0,-0.11,-0.22,-0.11
2015-09-10 10:22:00,67,0.0,0,-0.11,-0.22,-0.11
2015-09-10 10:27:00,65,0.0,0,-0.11,-0.22,-0.11
2015-09-10 10:32:00,67,0.0,0,-0.11,-0.22,-0.11
2015-09-10 10:42:00,67,0.0,0,-0.11,-0.22,-0.11
2015-09-10 10:47:00,65,0.0,0,-0.11,-0.22,-0.11
2015-09-10 10:52:00,68,0.0,0,-0.11,-0.22,-0.11
2015-09-10 11:27:00,64,0.0,0,-0.11,-0.22,-0.11
2015-09-10 11:37:00,72,0.0,0,-0.11,-0.22,-0.11
2015-09-10 11:42:00,62,0.3250386861172884,0,-0.11,-0.22,-0.11
2015-09-10 11:47:00,72,0.3763287100753471,0,-0.11,-0.22,-0.11
2015-09-10 11:52:00,72,0.3676641421662086,0,-0.11,-0.22,-0.11
2015-09-10 11:57:00,68,0.2970893592635448,0,-0.11,-0.22,-0.11
2015-09-10 12:07:00,64,0.30136580266491786,0,-0.11,-0.22,-0.11
2015-09-10 12:12:00,63,0.3163163838781695,0,-0.11,-0.22,-0.11
2015-09-10 12:37:00,65,0.2826858853926111,0,-0.11,-0.22,-0.11
2015-09-10 12:42:00,72,0.3724590929059225,0,-0.11,-0.22,-0.11
2015-09-10 12:57:00,67,0.2815847657640677,0,-0.11,-0.22,-0.11
2015-09-10 13:07:00,66,0.2721557492029313,0,-0.11,-0.22,-0.11
2015-09-10 13:17:00,71,0.3507595186505119,0,-0.11,-0.22,-0.11
2015-09-10 13:32:00,71,0.3458590400329819,0,-0.11,-0.22,-0.11
2015-09-10 13:42:00,67,0.27417055318194045,0,-0.11,-0.22,-0.11
2015-09-10 13:47:00,68,0.290506622847574,0,-0.11,-0.22,-0.11
2015-09-10 14:02:00,65,0.2984977194106514,0,-0.11,-0.22,-0.11
2015-09-10 14:07:00,70,0.3282001893242909,0,-0.11,-0.22,-0.11
2015-09-10 14:17:00,71,0.3446244687012855,0,-0.11,-0.22,-0.11
2015-09-10 14:32:00,65,0.3045036320140919,0,-0.11,-0.22,-0.11
2015-09-10 14:37:00,69,0.30571864974870555,0,-0.11,-0.22,-0.11
2015-09-10 14:42:00,69,0.3044861964899858,0,-0.11,-0.22,-0.11
2015-09-10 14:47:00,69,0.3033124910952161,0,-0.11,-0.22,-0.11
2015-09-10 14:57:00,69,0.3021931628236685,0,-0.11,-0.22,-0.11
2015-09-10 15:02:00,71,0.3420900234273451,0,-0.11,-0.22,-0.11
2015-09-10 15:07:00,64,0.33826062411905794,0,-0.11,-0.22,-0.11
2015-09-10 15:12:00,64,0.3347194859509072,0,-0.11,-0.22,-0.11
2015-09-10 15:17:00,66,0.2910432738411399,0,-0.11,-0.22,-0.11
2015-09-10 15:22:00,76,0.4650913953898968,0,-0.11,-0.22,-0.11
2015-09-10 15:27:00,64,0.3328734354835892,0,-0.11,-0.22,-0.11
2015-09-10 15:32:00,67,0.2752743399918809,0,-0.11,-0.22,-0.11
2015-09-10 15:37:00,64,0.3311245666855041,0,-0.11,-0.22,-0.11
2015-09-10 15:42:00,70,0.3210339138337354,0,-0.11,-0.22,-0.11
2015-09-10 15:47:00,70,0.31891247449477905,0,-0.11,-0.22,-0.11
2015-09-10 15:52:00,68,0.2787715257784185,0,-0.11,-0.22,-0.11
2015-09-10 15:57:00,69,0.2977177614378683,0,-0.11,-0.22,-0.11
2015-09-10 16:02:00,68,0.2772678478956013,0,-0.11,-0.22,-0.11
2015-09-10 16:12:00,68,0.2770518281061055,0,-0.11,-0.22,-0.11
2015-09-10 16:17:00,69,0.297428646925654,0,-0.11,-0.22,-0.11
2015-09-10 16:22:00,63,0.3729327328639372,0,-0.11,-0.22,-0.11
2015-09-10 16:27:00,67,0.2777178962209313,0,-0.11,-0.22,-0.11
2015-09-10 16:32:00,66,0.29858843369773563,0,-0.11,-0.22,-0.11
2015-09-10 16:37:00,68,0.2826371786931313,0,-0.11,-0.22,-0.11
2015-09-10 16:42:00,66,0.2991471147050959,0,-0.11,-0.22,-0.11
2015-09-10 16:47:00,67,0.2757184382976115,0,-0.11,-0.22,-0.11
2015-09-10 16:52:00,67,0.2755437905655229,0,-0.11,-0.22,-0.11
2015-09-10 16:57:00,68,0.28561316435688416,0,-0.11,-0.22,-0.11
2015-09-10 17:02:00,64,0.35275548447892485,0,-0.11,-0.22,-0.11
2015-09-10 17:07:00,67,0.27244220013375875,0,-0.11,-0.22,-0.11
2015-09-10 17:12:00,62,0.4062122597337525,0,-0.11,-0.22,-0.11
2015-09-10 17:17:00,67,0.2715070443248,0,-0.11,-0.22,-0.11
2015-09-10 17:22:00,66,0.289982914791261,0,-0.11,-0.22,-0.11
2015-09-10 17:32:00,66,0.28938692731183363,0,-0.11,-0.22,-0.11
2015-09-10 17:37:00,67,0.27367851538138616,0,-0.11,-0.22,-0.11
2015-09-10 17:42:00,62,0.4028731206250961,0,-0.11,-0.22,-0.11
2015-09-10 17:47:00,63,0.3607386391546107,0,-0.11,-0.22,-0.11
2015-09-10 17:52:00,66,0.2782127532411753,0,-0.11,-0.22,-0.11
2015-09-10 18:07:00,69,0.3357572264936651,0,-0.11,-0.22,-0.11
2015-09-10 18:12:00,70,0.35993914217605816,0,-0.11,-0.22,-0.11
2015-09-10 18:17:00,70,0.35384520858364266,0,-0.11,-0.22,-0.11
2015-09-10 18:22:00,67,0.2725247079139269,0,-0.11,-0.22,-0.11
2015-09-10 18:37:00,66,0.2899182020624413,0,-0.11,-0.22,-0.11
2015-09-10 18:42:00,68,0.29905675101559226,0,-0.11,-0.22,-0.11
2015-09-10 18:47:00,71,0.3836447087047065,0,-0.11,-0.22,-0.11
2015-09-10 18:52:00,62,0.4075379406550397,0,-0.11,-0.22,-0.11
2015-09-10 18:57:00,68,0.2967343077668339,0,-0.11,-0.22,-0.11
2015-09-10 19:32:00,62,0.3969076207808928,0,-0.11,-0.22,-0.11
2015-09-10 19:37:00,64,0.3319064958428561,0,-0.11,-0.22,-0.11
2015-09-10 19:47:00,69,0.3286035051694583,0,-0.11,-0.22,-0.11
2015-09-10 19:57:00,63,0.3587064260225725,0,-0.11,-0.22,-0.11
2015-09-10 20:02:00,64,0.3272177198843201,0,-0.11,-0.22,-0.11
2015-09-10 21:02:00,62,0.3769159015564489,0,-0.11,-0.22,-0.11
2015-09-10 21:12:00,69,0.3369631950172766,0,-0.11,-0.22,-0.11
2015-09-10 21:27:00,65,0.2975077628006427,0,-0.11,-0.22,-0.11
2015-09-10 21:57:00,56,0.5418161692793316,0,-0.11,-0.22,-0.11
2015-09-10 22:12:00,64,0.3006363071048355,0,-0.11,-0.22,-0.11
2015-09-10 23:42:00,70,0.35790783652663244,0,-0.11,-0.22,-0.11
2015-09-10 23:47:00,61,0.3657886688637515,0,-0.11,-0.22,-0.11
2015-09-11 05:27:00,64,0.2983091883557501,0,-0.11,-0.22,-0.11
2015-09-11 05:47:00,68,0.3173629606801347,0,-0.11,-0.22,-0.11
2015-09-11 06:17:00,65,0.2807413654855602,0,-0.11,-0.22,-0.11
2015-09-11 06:37:00,70,0.3609174234021129,0,-0.11,-0.22,-0.11
2015-09-11 06:42:00,65,0.28454929741699525,0,-0.11,-0.22,-0.11
2015-09-11 06:57:00,65,0.2841263071939687,0,-0.11,-0.22,-0.11
2015-09-11 07:07:00,70,0.3611186089609293,0,-0.11,-0.22,-0.11
2015-09-11 07:12:00,73,0.42556138665463145,0,-0.11,-0.22,-0.11
2015-09-11 07:32:00,69,0.32057781126552826,0,-0.11,-0.22,-0.11
2015-09-11 07:42:00,68,0.2985920760723634,0,-0.11,-0.22,-0.11
2015-09-11 08:12:00,65,0.29820253079714965,0,-0.11,-0.22,-0.11
2015-09-11 08:42:00,68,0.2998480728035605,0,-0.11,-0.22,-0.11
2015-09-11 08:47:00,69,0.32009117327598074,0,-0.11,-0.22,-0.11
2015-09-11 09:12:00,71,0.3631228610460113,0,-0.11,-0.22,-0.11
2015-09-11 09:17:00,70,0.33421491731422465,0,-0.11,-0.22,-0.11
2015-09-11 09:27:00,64,0.33171187182896805,0,-0.11,-0.22,-0.11
2015-09-11 09:32:00,68,0.2918334136958912,0,-0.11,-0.22,-0.11
2015-09-11 09:37:00,70,0.33509799771852355,0,-0.11,-0.22,-0.11
2015-09-11 09:52:00,66,0.29117663946224337,0,-0.11,-0.22,-0.11
2015-09-11 09:57:00,71,0.3584274055712026,0,-0.11,-0.22,-0.11
2015-09-11 10:07:00,68,0.2851411357329863,0,-0.11,-0.22,-0.11
2015-09-11 10:27:00,63,0.3664797711940613,0,-0.11,-0.22,-0.11
2015-09-11 10:39:00,66,0.2909353424069596,0,-0.11,-0.22,-0.11
2015-09-11 10:49:00,65,0.3127842388245135,0,-0.11,-0.22,-0.11
2015-09-11 11:19:00,69,0.3161196173236363,0,-0.11,-0.22,-0.11
2015-09-11 11:29:00,70,0.3384872173322932,0,-0.11,-0.22,-0.11
2015-09-11 11:34:00,67,0.2721918406048858,0,-0.11,-0.22,-0.11
2015-09-11 11:39:00,63,0.3700739185980964,0,-0.11,-0.22,-0.11
2015-09-11 11:44:00,68,0.2927262909479139,0,-0.11,-0.22,-0.11
2015-09-11 11:54:00,71,0.3667720305994443,0,-0.11,-0.22,-0.11
2015-09-11 12:04:00,60,0.4497463905640015,0,-0.11,-0.22,-0.11
2015-09-11 12:14:00,81,0.6042673559349467,0,-0.11,-0.22,-0.11
2015-09-11 12:39:00,69,0.2908984009550403,0,-0.11,-0.22,-0.11
2015-09-11 12:44:00,71,0.3226680220292647,0,-0.11,-0.22,-0.11
2015-09-11 12:49:00,64,0.3299203101778657,0,-0.11,-0.22,-0.11
2015-09-11 12:54:00,65,0.3102753031106632,0,-0.11,-0.22,-0.11
2015-09-11 12:59:00,69,0.2934694342379157,0,-0.11,-0.22,-0.11
2015-09-11 13:09:00,66,0.2940482311005848,0,-0.11,-0.22,-0.11
2015-09-11 13:24:00,65,0.3107014912389227,0,-0.11,-0.22,-0.11
2015-09-11 13:29:00,67,0.2745648485238373,0,-0.11,-0.22,-0.11
2015-09-11 13:39:00,67,0.2744205600764565,0,-0.11,-0.22,-0.11
2015-09-11 13:44:00,66,0.2921968924142005,0,-0.11,-0.22,-0.11
2015-09-11 13:49:00,69,0.3013013847649592,0,-0.11,-0.22,-0.11
2015-09-11 13:54:00,70,0.3199765157674924,0,-0.11,-0.22,-0.11
2015-09-11 14:04:00,65,0.31639060415769565,0,-0.11,-0.22,-0.11
2015-09-11 14:14:00,68,0.2814092973111532,0,-0.11,-0.22,-0.11
2015-09-11 14:19:00,68,0.281078482878835,0,-0.11,-0.22,-0.11
2015-09-11 14:24:00,66,0.2972240338248601,0,-0.11,-0.22,-0.11
2015-09-11 14:29:00,67,0.27564229143875624,0,-0.11,-0.22,-0.11
2015-09-11 14:39:00,66,0.29672791148115946,0,-0.11,-0.22,-0.11
2015-09-11 14:44:00,67,0.2742164273557033,0,-0.11,-0.22,-0.11
2015-09-11 14:54:00,66,0.29631794393825084,0,-0.11,-0.22,-0.11
2015-09-11 14:59:00,65,0.3192209212967236,0,-0.11,-0.22,-0.11
2015-09-11 15:09:00,69,0.3139328245441137,0,-0.11,-0.22,-0.11
2015-09-11 15:14:00,69,0.31226229911381503,0,-0.11,-0.22,-0.11
2015-09-11 15:19:00,70,0.3361580277316662,0,-0.11,-0.22,-0.11
2015-09-11 15:24:00,67,0.27806407318689885,0,-0.11,-0.22,-0.11
2015-09-11 15:29:00,68,0.2839526421092672,0,-0.11,-0.22,-0.11
2015-09-11 15:34:00,64,0.3584559938296945,1,1.0,1.0,1.0
2015-09-11 15:39:00,66,0.2993696062777046,1,0.9974673237743696,0.9974673237743696,0.9974673237743695
2015-09-11 15:44:00,66,0.2984222777096273,1,0.9944663453837748,0.9944663453837748,0.9944663453837747
2015-09-11 15:49:00,62,0.4125259353945128,1,0.9909122971351696,0.9909122971351696,0.9909122971351695
2015-09-11 15:54:00,66,0.2894905167189,1,0.9867058058954474,0.9867058058954474,0.9867058058954474
2015-09-11 15:59:00,60,0.4576180242977181,1,0.9817306754801916,0.9817306754801916,0.9817306754801916
2015-09-11 16:04:00,66,0.2792523969208548,1,0.9758514550893066,0.9758514550893066,0.9758514550893066
2015-09-11 16:09:00,68,0.30436333580312896,1,0.9689108275010176,0.9689108275010176,0.9689108275010175
2015-09-11 16:14:00,64,0.3292544270003861,1,0.9607268814309669,0.9607268814309669,0.9607268814309669
2015-09-11 16:19:00,66,0.2781206067583776,1,0.9510903752891,0.9510903752891,0.9510903752891001
2015-09-11 16:24:00,60,0.4383258364843405,1,0.939762157354885,0.939762157354885,0.939762157354885
2015-09-11 16:29:00,70,0.3600810947241415,1,0.9264709826944568,0.9264709826944568,0.9264709826944568
2015-09-11 16:34:00,65,0.2961206890503684,1,0.9109120614477282,0.9109120614477282,0.9109120614477282
2015-09-11 16:39:00,59,0.44601529553830394,1,0.8927467855469282,0.8927467855469282,0.8927467855469282
2015-09-11 16:44:00,23,0.9621012498976402,1,0.8716042063328711,0.8716042063328711,0.8716042063328711
2015-09-11 16:49:00,52,0.3529402300119484,1,0.8470849618628639,0.8470849618628639,0.8470849618628639
2015-09-11 16:54:00,56,0.31810954812343634,1,0.8187684579182891,0.8187684579182891,0.8187684579182891
2015-09-11 16:59:00,67,0.29811061469732725,1,0.7862241558438429,0.7862241558438429,0.7862241558438429
2015-09-11 17:04:00,63,0.2691656167399293,1,0.7490277640043964,0.7490277640043964,0.7490277640043964
2015-09-11 17:09:00,61,0.2828875889101468,1,0.7067829063330667,0.7067829063330667,0.7067829063330667
2015-09-11 17:14:00,65,0.2844299292912578,1,0.6591483866450579,0.6591483866450579,0.6591483866450579
2015-09-11 17:19:00,63,0.2691118785992204,1,0.605870432503202,0.605870432503202,0.605870432503202
2015-09-11 17:24:00,62,0.2763503564034445,1,0.5468182846288978,0.5468182846288978,0.5468182846288978
2015-09-11 17:29:00,66,0.2932491085764457,1,0.4820202769740843,0.4820202769740843,0.48202027697408434
2015-09-11 17:34:00,62,0.27755599266003783,1,0.4116963226465555,0.4116963226465555,0.41169632264655553
2015-09-11 17:39:00,70,0.3288307517268745,1,0.3362817953471616,0.3362817953471616,0.3362817953471616
2015-09-11 17:44:00,68,0.3081954395431472,1,0.2564375619608148,0.2564375619608148,0.2564375619608148
2015-09-11 17:49:00,69,0.3158741137614428,1,0.1730417302911223,0.1730417302911223,0.1730417302911223
2015-09-11 17:54:00,69,0.3140873500616159,1,0.08716068383412914,0.08716068383412914,0.08716068383412914
2015-09-11 17:59:00,69,0.3124077589547825,0,-0.009795412917274829,-0.019590825834549658,-0.00979541291727483
2015-09-11 18:04:00,64,0.27222200992498946,0,-0.019436697459237925,-0.03887339491847585,-0.019436697459237925
2015-09-11 18:09:00,68,0.3025158207408162,0,-0.028779275663155468,-0.057558551326310936,-0.02877927566315547
2015-09-11 18:11:00,70,0.3211983237556668,0,-0.03769643976620059,-0.07539287953240117,-0.03769643976620059
2015-09-11 18:16:00,65,0.27065646927814674,0,-0.04608547558222279,-0.09217095116444557,-0.04608547558222279
2015-09-11 18:21:00,70,0.3203344627849965,0,-0.05387106904711034,-0.10774213809422067,-0.05387106904711034
2015-09-11 18:26:00,67,0.2875975310617661,0,-0.06100596945843206,-0.12201193891686413,-0.06100596945843206
2015-09-11 18:31:00,64,0.2805771536472327,0,-0.06746929864349208,-0.13493859728698415,-0.06746929864349208
2015-09-11 18:36:00,67,0.2881597489544243,0,-0.07326315298542402,-0.14652630597084804,-0.07326315298542403
2015-09-11 18:41:00,67,0.28762393623114063,0,-0.0784082268753388,-0.1568164537506776,-0.0784082268753388
2015-09-11 18:51:00,68,0.2981389969507916,0,-0.0829391237519836,-0.1658782475039672,-0.0829391237519836
2015-09-11 18:56:00,68,0.29724215888779826,0,-0.08689987129554172,-0.17379974259108347,-0.08689987129554173
2015-09-11 19:01:00,68,0.29638121173769044,0,-0.09033997785319556,-0.18067995570639114,-0.09033997785319557
2015-09-11 19:26:00,63,0.29999403596345503,0,-0.09331120039532642,-0.18662240079065284,-0.09331120039532642
2015-09-11 19:41:00,62,0.31131668564696996,0,-0.0958650635622034,-0.1917301271244068,-0.09586506356220341
2015-09-11 19:46:00,69,0.3129575999831928,0,-0.09805108145081906,-0.19610216290163807,-0.09805108145081906
2015-09-11 20:01:00,61,0.32579539649284994,0,-0.09991558475736836,-0.19983116951473676,-0.09991558475736836
2015-09-11 20:06:00,58,0.36417947718143184,0,-0.10150103674500907,-0.20300207349001811,-0.10150103674500907
2015-09-11 20:16:00,61,0.3176502252306615,0,-0.10284572233851716,-0.2056914446770343,-0.10284572233851715
2015-09-11 20:26:00,63,0.2903280332787095,0,-0.10398370690483977,-0.20796741380967956,-0.10398370690483977
2015-09-11 20:36:00,62,0.3025637755910294,0,-0.10494497861979436,-0.20988995723958875,-0.10494497861979436
2015-09-11 20:46:00,66,0.2873339674436932,0,-0.1057557066006469,-0.2115114132012938,-0.1057557066006469
2015-09-11 20:51:00,65,0.2738435982130121,0,-0.1064385638365199,-0.2128771276730398,-0.1064385638365199
2015-09-11 21:01:00,60,0.3331245580795289,0,-0.10701307827237624,-0.2140261565447525,-0.10701307827237624
2015-09-11 21:21:00,64,0.2742216744795724,0,-0.10749598689954264,-0.21499197379908527,-0.10749598689954264
2015-09-11 21:51:00,59,0.3466745599660219,0,-0.1079015765300936,-0.2158031530601872,-0.1079015765300936
2015-09-11 21:56:00,56,0.3893971599860795,0,-0.1082420014507156,-0.2164840029014312,-0.1082420014507156
2015-09-11 21:59:00,47,0.5226046509170829,0,-0.10852757279665734,-0.21705514559331468,-0.10852757279665734
2015-09-11 22:16:00,60,0.30053063253344603,0,-0.1087670176754879,-0.2175340353509758,-0.1087670176754879
2015-09-11 22:41:00,56,0.3477593319414389,0,-0.10896770816750227,-0.21793541633500454,-0.10896770816750229
2015-09-11 23:41:00,57,0.3309433064182334,0,-0.10913586163255802,-0.218271723265116,-0.10913586163255799
2015-09-12 00:16:00,79,0.4831591483994812,0,-0.10927671449509453,-0.21855342899018906,-0.10927671449509452
2015-09-12 00:46:00,62,0.27817005358149793,0,-0.10939467203659546,-0.21878934407319087,-0.10939467203659546
2015-09-12 02:56:00,64,0.27955473409244624,0,-0.10949343682772288,-0.21898687365544575,-0.10949343682772289
2015-09-12 03:41:00,58,0.3210969237064243,0,-0.10957611837406796,-0.21915223674813591,-0.10957611837406796
2015-09-12 05:06:00,78,0.4454766729781545,0,-0.10964532639532422,-0.21929065279064844,-0.10964532639532422
2015-09-12 06:51:00,75,0.3857818752916632,0,-0.10970324995242696,-0.21940649990485392,-0.10970324995242696
2015-09-12 07:11:00,71,0.33431375278913,0,-0.10975172441055477,-0.2195034488211095,-0.10975172441055475
2015-09-12 07:41:00,70,0.3212381197080015,0,-0.10979228799693766,-0.21958457599387526,-0.10979228799693766
2015-09-12 07:51:00,73,0.3495231000504378,0,-0.10982622949281798,-0.219652458985636,-0.10982622949281798
2015-09-12 08:01:00,70,0.3147297227083937,0,-0.10985462839524666,-0.21970925679049333,-0.10985462839524666
2015-09-12 08:16:00,70,0.3130121007977256,0,-0.1098783886998768,-0.2197567773997536,-0.1098783886998768
2015-09-12 08:46:00,80,0.4191103771330567,0,-0.10989826729154456,-0.2197965345830891,-0.10989826729154455
2015-09-12 08:56:00,66,0.2715516666962993,0,-0.10991489778485863,-0.2198297955697173,-0.10991489778485865
2015-09-12 09:16:00,68,0.2842910766362853,0,-0.10992881053110083,-0.21985762106220166,-0.10992881053110082
2015-09-12 09:21:00,76,0.3640129326969746,0,-0.10994044939889597,-0.21988089879779196,-0.10994044939889597
2015-09-12 09:26:00,66,0.2765994208392603,0,-0.10995018584259596,-0.21990037168519194,-0.10995018584259597
2015-09-12 09:56:00,69,0.28932838204513417,0,-0.10995833069235847,-0.21991666138471694,-0.10995833069235847
2015-09-12 10:06:00,69,0.2887542631177845,0,-0.10996514403179744,-0.21993028806359488,-0.10996514403179744
2015-09-12 10:16:00,70,0.29825860248634944,0,-0.10997084347125743,-0.21994168694251487,-0.10997084347125743
2015-09-12 10:46:00,72,0.3184786068873813,0,-0.10997561107579304,-0.21995122215158605,-0.10997561107579303
2015-09-12 10:51:00,67,0.2730625852362013,0,-0.10997959916555347,-0.21995919833110694,-0.10997959916555348
2015-09-12 10:56:00,71,0.3069825630555689,0,-0.10998293517136112,-0.21996587034272225,-0.10998293517136111
2015-09-12 11:06:00,64,0.3073583294689209,0,-0.10998572569886343,-0.21997145139772686,-0.10998572569886343
2015-09-12 11:31:00,67,0.27312033452232165,0,-0.10998805992989501,-0.21997611985979,-0.10998805992989501
2015-09-12 11:41:00,75,0.3583731049355473,0,-0.10999001246888546,-0.2199800249377709,-0.10999001246888546
2015-09-12 11:46:00,68,0.27152885580842645,0,-0.10999164572468112,-0.21998329144936227,-0.10999164572468113
2015-09-12 12:06:00,67,0.2774248531853268,0,-0.10999301190348568,-0.21998602380697135,-0.10999301190348569
2015-09-12 12:11:00,71,0.307062425582699,0,-0.10999415467632598,-0.219988309352652,-0.10999415467632598
2015-09-12 12:16:00,65,0.30317680732768343,0,-0.10999511057413712,-0.21999022114827427,-0.10999511057413713
2015-09-12 12:26:00,67,0.2777431637772745,0,-0.1099959101549179,-0.2199918203098358,-0.1099959101549179
2015-09-12 12:31:00,77,0.3924273001507442,0,-0.10999657898016604,-0.21999315796033206,-0.10999657898016602
2015-09-12 12:36:00,67,0.2826112038123332,0,-0.10999713843173738,-0.21999427686347475,-0.10999713843173738
2015-09-12 12:46:00,67,0.2822456949431347,0,-0.10999760639519393,-0.21999521279038786,-0.10999760639519393
2015-09-12 12:51:00,68,0.26968741450291817,0,-0.10999799783145156,-0.2199959956629031,-0.10999799783145155
2015-09-12 13:06:00,70,0.29352895945309354,0,-0.10999832525497953,-0.21999665050995906,-0.10999832525497952
2015-09-12 13:11:00,67,0.28375936051867306,0,-0.1099985991338226,-0.2199971982676452,-0.1099985991338226
2015-09-12 13:16:00,62,0.354484666249106,0,-0.1099988282242231,-0.2199976564484462,-0.1099988282242231
2015-09-12 13:21:00,67,0.2792138849533533,0,-0.10999901985053273,-0.21999803970106546,-0.10999901985053273
2015-09-12 13:36:00,67,0.2789447659836725,0,-0.10999918013935747,-0.21999836027871494,-0.10999918013935749
2015-09-12 13:41:00,65,0.307011333926548,0,-0.10999931421541764,-0.21999862843083529,-0.10999931421541763
2015-09-12 14:16:00,73,0.3492430820295544,0,-0.10999942636538193,-0.21999885273076386,-0.10999942636538193
2015-09-12 14:21:00,69,0.2848790155478092,0,-0.10999952017491196,-0.21999904034982395,-0.10999952017491196
2015-09-12 14:31:00,70,0.299114592426166,0,-0.10999959864329696,-0.21999919728659392,-0.10999959864329696
2015-09-12 14:41:00,70,0.2981778469236534,0,-0.10999966427934324,-0.21999932855868648,-0.10999966427934324
2015-09-12 14:56:00,69,0.28205182127486184,0,-0.10999971918158333,-0.21999943836316666,-0.10999971918158333
2015-09-12 15:01:00,72,0.3299470018919343,0,-0.1099997651053686,-0.2199995302107372,-0.10999976510536859
2015-09-12 15:11:00,70,0.29444809083255297,0,-0.10999980351899057,-0.2199996070379811,-0.10999980351899055
2015-09-12 15:16:00,64,0.3421105024676967,0,-0.10999983565062453,-0.21999967130124906,-0.10999983565062453
2015-09-12 15:21:00,68,0.27217607357663565,0,-0.10999986252759668,-0.21999972505519336,-0.10999986252759669
2015-09-12 15:31:00,66,0.3049409774473601,0,-0.10999988500922964,-0.2199997700184593,-0.10999988500922965
2015-09-12 15:36:00,72,0.3360476146108853,0,-0.10999990381431672,-0.2199998076286334,-0.10999990381431671
2015-09-12 15:41:00,71,0.31479976296554063,0,-0.1099999195441033,-0.2199998390882066,-0.1099999195441033
2015-09-12 15:46:00,68,0.27586846516830743,0,-0.10999993270151008,-0.21999986540302016,-0.10999993270151008
2015-09-12 15:51:00,66,0.3109776261149845,0,-0.11,-0.22,-0.11
2015-09-12 15:56:00,70,0.29921659015877433,0,-0.11,-0.22,-0.11
2015-09-12 16:01:00,68,0.2753465737397964,0,-0.11,-0.22,-0.11
2015-09-12 16:11:00,65,0.332601630761944,0,-0.11,-0.22,-0.11
2015-09-12 16:16:00,72,0.34259503544128656,0,-0.11,-0.22,-0.11
2015-09-12 16:21:00,65,0.3333774354361029,0,-0.11,-0.22,-0.11
2015-09-12 16:31:00,71,0.3221399038382801,0,-0.11,-0.22,-0.11
2015-09-12 16:36:00,65,0.3338869141208821,0,-0.11,-0.22,-0.11
2015-09-12 16:41:00,64,0.3516475322902969,0,-0.11,-0.22,-0.11
2015-09-12 16:46:00,69,0.28810607936003385,0,-0.11,-0.22,-0.11
2015-09-12 16:51:00,68,0.2692799474165234,0,-0.11,-0.22,-0.11
2015-09-12 16:56:00,72,0.35119417729692315,0,-0.11,-0.22,-0.11
2015-09-12 17:01:00,71,0.32477486554068763,0,-0.11,-0.22,-0.11
2015-09-12 17:06:00,69,0.2814395929621487,0,-0.11,-0.22,-0.11
2015-09-12 17:21:00,71,0.3230934739160429,0,-0.11,-0.22,-0.11
2015-09-12 17:46:00,69,0.2785871480478761,0,-0.11,-0.22,-0.11
2015-09-12 18:21:00,73,0.3683120765120697,0,-0.11,-0.22,-0.11
2015-09-12 18:41:00,70,0.29422308254980384,0,-0.11,-0.22,-0.11
2015-09-12 19:01:00,68,0.2861095196727738,0,-0.11,-0.22,-0.11
2015-09-12 19:21:00,62,0.43038128332450026,0,-0.11,-0.22,-0.11
2015-09-12 19:26:00,69,0.2797385999907738,0,-0.11,-0.22,-0.11
2015-09-12 19:46:00,72,0.34394800922665875,0,-0.11,-0.22,-0.11
2015-09-12 19:51:00,65,0.3466272548836674,0,-0.11,-0.22,-0.11
2015-09-12 20:06:00,60,0.4616165468561762,0,-0.11,-0.22,-0.11
2015-09-12 20:31:00,62,0.3867312944941269,0,-0.11,-0.22,-0.11
2015-09-12 20:51:00,66,0.29940854479348805,0,-0.11,-0.22,-0.11
2015-09-12 21:21:00,68,0.2749365148083148,0,-0.11,-0.22,-0.11
2015-09-12 21:36:00,63,0.3591393583706136,0,-0.11,-0.22,-0.11
2015-09-12 21:51:00,70,0.3160040946870065,0,-0.11,-0.22,-0.11
2015-09-12 22:46:00,74,0.3965927124512203,0,-0.11,-0.22,-0.11
2015-09-12 23:01:00,62,0.37939037315872864,0,-0.11,-0.22,-0.11
2015-09-12 23:06:00,59,0.4304137487955075,0,-0.11,-0.22,-0.11
2015-09-12 23:31:00,59,0.4089774314609851,0,-0.11,-0.22,-0.11
2015-09-13 06:31:00,62,0.3424674317716309,0,-0.11,-0.22,-0.11
2015-09-13 07:51:00,70,0.3217587324056311,0,-0.11,-0.22,-0.11
2015-09-13 08:01:00,62,0.3422311271437823,0,-0.11,-0.22,-0.11
2015-09-13 08:26:00,67,0.2768829009324157,0,-0.11,-0.22,-0.11
2015-09-13 09:21:00,69,0.3079793359691108,0,-0.11,-0.22,-0.11
2015-09-13 09:26:00,72,0.3578410789799795,0,-0.11,-0.22,-0.11
2015-09-13 09:41:00,67,0.2707396633397691,0,-0.11,-0.22,-0.11
2015-09-13 10:06:00,69,0.30262187701107857,0,-0.11,-0.22,-0.11
2015-09-13 10:11:00,72,0.3541179642677967,0,-0.11,-0.22,-0.11
2015-09-13 10:16:00,65,0.3051385458776021,0,-0.11,-0.22,-0.11
2015-09-13 10:46:00,76,0.4288774425081072,0,-0.11,-0.22,-0.11
2015-09-13 10:51:00,67,0.2774202423094235,0,-0.11,-0.22,-0.11
2015-09-13 10:56:00,72,0.3407732722217202,0,-0.11,-0.22,-0.11
2015-09-13 11:06:00,70,0.30374769900600673,0,-0.11,-0.22,-0.11
2015-09-13 11:11:00,65,0.3152150327263039,0,-0.11,-0.22,-0.11
2015-09-13 11:26:00,71,0.3225346392101657,0,-0.11,-0.22,-0.11
2015-09-13 11:31:00,69,0.2865800131033124,0,-0.11,-0.22,-0.11
2015-09-13 11:46:00,64,0.33700594841065623,0,-0.11,-0.22,-0.11
2015-09-13 11:51:00,67,0.2813022281981388,0,-0.11,-0.22,-0.11
2015-09-13 11:56:00,69,0.29064499445616715,0,-0.11,-0.22,-0.11
2015-09-13 12:06:00,66,0.3001261757835369,0,-0.11,-0.22,-0.11
2015-09-13 12:21:00,73,0.36955541920194,0,-0.11,-0.22,-0.11
2015-09-13 12:26:00,70,0.30481011288408616,0,-0.11,-0.22,-0.11
2015-09-13 12:31:00,66,0.3058692687209989,0,-0.11,-0.22,-0.11
2015-09-13 12:41:00,66,0.3046295177768704,0,-0.11,-0.22,-0.11
2015-09-13 12:53:00,66,0.30344906828929785,0,-0.11,-0.22,-0.11
2015-09-13 12:58:00,70,0.3115232349798486,0,-0.11,-0.22,-0.11
2015-09-13 13:03:00,67,0.28551431253074383,0,-0.11,-0.22,-0.11
2015-09-13 13:08:00,72,0.3547830475010869,0,-0.11,-0.22,-0.11
2015-09-13 13:13:00,69,0.2873064386522414,0,-0.11,-0.22,-0.11
2015-09-13 13:18:00,66,0.3110150010855133,0,-0.11,-0.22,-0.11
2015-09-13 13:23:00,68,0.26921454411074736,0,-0.11,-0.22,-0.11
2015-09-13 13:28:00,65,0.3328916667148592,0,-0.11,-0.22,-0.11
2015-09-13 13:38:00,67,0.2861652943259612,0,-0.11,-0.22,-0.11
2015-09-13 13:43:00,64,0.3540873366555,0,-0.11,-0.22,-0.11
2015-09-13 13:53:00,66,0.3030642845396789,0,-0.11,-0.22,-0.11
2015-09-13 13:58:00,68,0.2789640596100857,0,-0.11,-0.22,-0.11
2015-09-13 14:13:00,68,0.2787018354032409,0,-0.11,-0.22,-0.11
2015-09-13 14:23:00,67,0.2816768908463912,0,-0.11,-0.22,-0.11
2015-09-13 14:28:00,59,0.494458267727691,0,-0.11,-0.22,-0.11
2015-09-13 14:38:00,64,0.3331360624485476,0,-0.11,-0.22,-0.11
2015-09-13 14:48:00,67,0.26971452322593376,0,-0.11,-0.22,-0.11
2015-09-13 14:53:00,65,0.3097408089086812,0,-0.11,-0.22,-0.11
2015-09-13 15:13:00,67,0.27170214063837045,0,-0.11,-0.22,-0.11
2015-09-13 15:23:00,66,0.2874088169393865,0,-0.11,-0.22,-0.11
2015-09-13 15:28:00,68,0.29460074993096225,0,-0.11,-0.22,-0.11
2015-09-13 15:33:00,66,0.28863486352874673,0,-0.11,-0.22,-0.11
2015-09-13 15:38:00,72,0.3974768283787091,0,-0.11,-0.22,-0.11
2015-09-13 15:43:00,71,0.3593577987287241,0,-0.11,-0.22,-0.11
2015-09-13 15:48:00,69,0.3062069942513834,0,-0.11,-0.22,-0.11
2015-09-13 16:03:00,61,0.4240245352198577,0,-0.11,-0.22,-0.11
2015-09-13 16:08:00,67,0.2701537448630119,0,-0.11,-0.22,-0.11
2015-09-13 16:18:00,66,0.2910631161591917,0,-0.11,-0.22,-0.11
2015-09-13 16:28:00,74,0.4360373012958649,0,-0.11,-0.22,-0.11
2015-09-13 16:48:00,65,0.3163920644826912,0,-0.11,-0.22,-0.11
2015-09-13 16:53:00,69,0.30455889889069626,0,-0.11,-0.22,-0.11
2015-09-13 16:58:00,64,0.3396226099855183,0,-0.11,-0.22,-0.11
2015-09-13 17:03:00,67,0.27210312054038993,0,-0.11,-0.22,-0.11
2015-09-13 17:13:00,69,0.30817352944708104,0,-0.11,-0.22,-0.11
2015-09-13 17:18:00,62,0.3898612590296695,0,-0.11,-0.22,-0.11
2015-09-13 17:23:00,63,0.3551038155914552,0,-0.11,-0.22,-0.11
2015-09-13 17:43:00,73,0.407054228006747,0,-0.11,-0.22,-0.11
2015-09-13 17:48:00,64,0.3304184183300448,0,-0.11,-0.22,-0.11
2015-09-13 17:53:00,67,0.2701010503124992,0,-0.11,-0.22,-0.11
2015-09-13 17:58:00,65,0.30797522370786,0,-0.11,-0.22,-0.11
2015-09-13 18:08:00,67,0.27200594224887353,0,-0.11,-0.22,-0.11
2015-09-13 18:18:00,65,0.3078158695030041,0,-0.11,-0.22,-0.11
2015-09-13 18:23:00,74,0.4389439374958685,0,-0.11,-0.22,-0.11
2015-09-13 18:33:00,65,0.3105372069906453,0,-0.11,-0.22,-0.11
2015-09-13 18:38:00,70,0.3294774499917466,0,-0.11,-0.22,-0.11
2015-09-13 18:43:00,70,0.3267215077725373,0,-0.11,-0.22,-0.11
2015-09-13 18:48:00,69,0.3029823608206646,0,-0.11,-0.22,-0.11
2015-09-13 18:58:00,69,0.3018780569755608,0,-0.11,-0.22,-0.11
2015-09-13 19:08:00,63,0.3677734486754581,0,-0.11,-0.22,-0.11
2015-09-13 19:13:00,63,0.3605227971689512,0,-0.11,-0.22,-0.11
2015-09-13 19:33:00,65,0.3104049553206253,0,-0.11,-0.22,-0.11
2015-09-13 19:43:00,56,0.525447950063491,0,-0.11,-0.22,-0.11
2015-09-13 19:48:00,69,0.31372728529210986,0,-0.11,-0.22,-0.11
2015-09-13 20:13:00,63,0.3311372067697548,0,-0.11,-0.22,-0.11
2015-09-13 20:33:00,66,0.2746894103059083,0,-0.11,-0.22,-0.11
2015-09-13 20:43:00,66,0.2745418602010803,0,-0.11,-0.22,-0.11
2015-09-13 20:48:00,64,0.31138147720300785,0,-0.11,-0.22,-0.11
2015-09-13 21:08:00,68,0.30240339565711705,0,-0.11,-0.22,-0.11
2015-09-13 21:28:00,55,0.5113013496246284,0,-0.11,-0.22,-0.11
2015-09-13 22:48:00,75,0.43099105517685415,0,-0.11,-0.22,-0.11
2015-09-13 22:53:00,69,0.3105343707300109,0,-0.11,-0.22,-0.11
2015-09-13 23:33:00,62,0.33533961004334445,0,-0.11,-0.22,-0.11
2015-09-14 00:33:00,68,0.2970714624884221,0,-0.11,-0.22,-0.11
2015-09-14 05:53:00,66,0.2719348634101903,0,-0.11,-0.22,-0.11
2015-09-14 06:18:00,66,0.27185865910495705,0,-0.11,-0.22,-0.11
2015-09-14 06:28:00,75,0.4243537548977399,0,-0.11,-0.22,-0.11
2015-09-14 06:48:00,65,0.2929748355173883,0,-0.11,-0.22,-0.11
2015-09-14 06:53:00,68,0.2909586413579908,0,-0.11,-0.22,-0.11
2015-09-14 06:58:00,71,0.3399194922090669,0,-0.11,-0.22,-0.11
2015-09-14 07:08:00,69,0.3028516534860983,0,-0.11,-0.22,-0.11
2015-09-14 07:28:00,67,0.2698216125174622,0,-0.11,-0.22,-0.11
2015-09-14 07:33:00,68,0.2859113526513463,0,-0.11,-0.22,-0.11
2015-09-14 07:38:00,67,0.2689666333637748,0,-0.11,-0.22,-0.11
2015-09-14 07:48:00,71,0.3402349126746681,0,-0.11,-0.22,-0.11
2015-09-14 07:58:00,67,0.2722519414716618,0,-0.11,-0.22,-0.11
2015-09-14 08:13:00,65,0.3078142813543069,0,-0.11,-0.22,-0.11
2015-09-14 08:28:00,66,0.2880599501279724,0,-0.11,-0.22,-0.11
2015-09-14 08:33:00,64,0.32588993457546545,0,-0.11,-0.22,-0.11
2015-09-14 08:48:00,60,0.4076671146047234,0,-0.11,-0.22,-0.11
2015-09-14 08:53:00,69,0.3127841464343468,0,-0.11,-0.22,-0.11
2015-09-14 09:03:00,66,0.2803419612847741,0,-0.11,-0.22,-0.11
2015-09-14 09:08:00,73,0.3947248585013886,0,-0.11,-0.22,-0.11
2015-09-14 09:13:00,70,0.3236679986260855,0,-0.11,-0.22,-0.11
2015-09-14 09:23:00,72,0.36035518038335,0,-0.11,-0.22,-0.11
2015-09-14 09:28:00,62,0.3675757250687773,0,-0.11,-0.22,-0.11
2015-09-14 09:33:00,70,0.3199717391835334,0,-0.11,-0.22,-0.11
2015-09-14 09:38:00,69,0.2997680047822196,0,-0.11,-0.22,-0.11
2015-09-14 09:43:00,69,0.2988040151011189,0,-0.11,-0.22,-0.11
2015-09-14 09:48:00,69,0.2978800732024143,0,-0.11,-0.22,-0.11
2015-09-14 09:53:00,71,0.33613477671057584,0,-0.11,-0.22,-0.11
2015-09-14 09:58:00,68,0.2752656098267981,0,-0.11,-0.22,-0.11
2015-09-14 10:13:00,63,0.3623329578621393,0,-0.11,-0.22,-0.11
2015-09-14 10:18:00,68,0.27929876367216505,0,-0.11,-0.22,-0.11
2015-09-14 10:23:00,68,0.2790272966532186,0,-0.11,-0.22,-0.11
2015-09-14 10:28:00,66,0.29808680542129073,0,-0.11,-0.22,-0.11
2015-09-14 10:33:00,70,0.3218787563360892,0,-0.11,-0.22,-0.11
2015-09-14 10:43:00,70,0.3196988136212665,0,-0.11,-0.22,-0.11
2015-09-14 10:48:00,65,0.3249635363865051,0,-0.11,-0.22,-0.11
2015-09-14 11:03:00,74,0.4155177511985398,0,-0.11,-0.22,-0.11
2015-09-14 11:13:00,67,0.2853280913666409,0,-0.11,-0.22,-0.11
2015-09-14 11:18:00,64,0.3482830420933839,0,-0.11,-0.22,-0.11
2015-09-14 11:23:00,70,0.3168503527445053,0,-0.11,-0.22,-0.11
2015-09-14 11:28:00,70,0.3150031785361432,0,-0.11,-0.22,-0.11
2015-09-14 11:33:00,66,0.3070171310139643,0,-0.11,-0.22,-0.11
2015-09-14 11:43:00,67,0.2844955938200622,0,-0.11,-0.22,-0.11
2015-09-14 12:03:00,63,0.37612495666763374,0,-0.11,-0.22,-0.11
2015-09-14 12:08:00,70,0.3221116845019253,0,-0.11,-0.22,-0.11
2015-09-14 12:13:00,63,0.3717017242215404,0,-0.11,-0.22,-0.11
2015-09-14 12:23:00,71,0.34619932277875576,0,-0.11,-0.22,-0.11
2015-09-14 12:28:00,62,0.3913124015755205,0,-0.11,-0.22,-0.11
2015-09-14 12:38:00,67,0.27437798885310793,0,-0.11,-0.22,-0.11
2015-09-14 12:43:00,68,0.2833547276402415,0,-0.11,-0.22,-0.11
2015-09-14 12:48:00,73,0.3957852702047738,0,-0.11,-0.22,-0.11
2015-09-14 12:53:00,67,0.2803740179553126,0,-0.11,-0.22,-0.11
2015-09-14 13:15:00,65,0.3218526435055638,0,-0.11,-0.22,-0.11
2015-09-14 13:20:00,63,0.3648937069758055,0,-0.11,-0.22,-0.11
2015-09-14 13:25:00,72,0.37125040569157103,0,-0.11,-0.22,-0.11
2015-09-14 13:35:00,65,0.31798543378748184,0,-0.11,-0.22,-0.11
2015-09-14 13:40:00,64,0.3376054650149677,0,-0.11,-0.22,-0.11
2015-09-14 13:45:00,71,0.3490136097151009,0,-0.11,-0.22,-0.11
2015-09-14 13:50:00,66,0.2957237537035041,0,-0.11,-0.22,-0.11
2015-09-14 13:55:00,59,0.4568163649329415,0,-0.11,-0.22,-0.11
2015-09-14 14:15:00,57,0.4709801759875569,0,-0.11,-0.22,-0.11
2015-09-14 14:20:00,66,0.2748679634241081,0,-0.11,-0.22,-0.11
2015-09-14 14:25:00,71,0.3488789357053665,0,-0.11,-0.22,-0.11
2015-09-14 14:35:00,69,0.3087724211813165,0,-0.11,-0.22,-0.11
2015-09-14 14:40:00,67,0.27360487172680137,0,-0.11,-0.22,-0.11
2015-09-14 14:45:00,66,0.2811330668747565,0,-0.11,-0.22,-0.11
2015-09-14 14:50:00,67,0.27422372518782284,0,-0.11,-0.22,-0.11
2015-09-14 14:55:00,65,0.2996306393842805,0,-0.11,-0.22,-0.11
2015-09-14 15:00:00,70,0.3329714404631909,0,-0.11,-0.22,-0.11
2015-09-14 15:10:00,66,0.2832656299672996,0,-0.11,-0.22,-0.11
2015-09-14 15:15:00,66,0.2828809316665573,0,-0.11,-0.22,-0.11
2015-09-14 15:20:00,61,0.3880943359517981,0,-0.11,-0.22,-0.11
2015-09-14 15:30:00,68,0.2982872068277779,0,-0.11,-0.22,-0.11
2015-09-14 15:35:00,69,0.3173545190838313,0,-0.11,-0.22,-0.11
2015-09-14 15:40:00,63,0.3419195730837198,0,-0.11,-0.22,-0.11
2015-09-14 15:50:00,67,0.2793662642122845,0,-0.11,-0.22,-0.11
2015-09-14 15:55:00,66,0.2781674581525024,0,-0.11,-0.22,-0.11
2015-09-14 16:00:00,65,0.2984228861339713,0,-0.11,-0.22,-0.11
2015-09-14 16:05:00,67,0.28156442618662386,0,-0.11,-0.22,-0.11
2015-09-14 16:20:00,65,0.2989318666876308,0,-0.11,-0.22,-0.11
2015-09-14 16:25:00,66,0.2761496810101973,0,-0.11,-0.22,-0.11
2015-09-14 16:30:00,65,0.2983816870350064,0,-0.11,-0.22,-0.11
2015-09-14 16:35:00,64,0.3213715493438423,0,-0.11,-0.22,-0.11
2015-09-14 16:40:00,66,0.27216515184269224,0,-0.11,-0.22,-0.11
2015-09-14 16:45:00,62,0.3729289793316142,0,-0.11,-0.22,-0.11
2015-09-14 16:50:00,65,0.29017623899042233,0,-0.11,-0.22,-0.11
2015-09-14 16:55:00,67,0.29515475667398305,0,-0.11,-0.22,-0.11
2015-09-14 17:00:00,59,0.4558744496500163,0,-0.11,-0.22,-0.11
2015-09-14 17:05:00,36,0.8958866162820173,0,-0.11,-0.22,-0.11
2015-09-14 17:10:00,21,0.7338682813815145,0,-0.11,-0.22,-0.11
2015-09-14 17:15:00,52,0.3282611507611405,0,-0.11,-0.22,-0.11
2015-09-14 17:20:00,60,0.2772676214626611,0,-0.11,-0.22,-0.11
2015-09-14 17:25:00,51,0.3331746830768977,0,-0.11,-0.22,-0.11
2015-09-14 17:30:00,68,0.3124459829446477,0,-0.11,-0.22,-0.11
2015-09-14 17:35:00,60,0.27624299272780456,0,-0.11,-0.22,-0.11
2015-09-14 17:40:00,42,0.3992531437964647,0,-0.11,-0.22,-0.11
2015-09-14 17:45:00,65,0.2975793171298622,0,-0.11,-0.22,-0.11
2015-09-14 17:50:00,59,0.27756328720384144,0,-0.11,-0.22,-0.11
2015-09-14 17:55:00,69,0.32432026766338423,0,-0.11,-0.22,-0.11
2015-09-14 18:00:00,68,0.3152051167498947,0,-0.11,-0.22,-0.11
2015-09-14 18:05:00,66,0.30002344677121384,0,-0.11,-0.22,-0.11
2015-09-14 18:10:00,66,0.2990486919174389,0,-0.11,-0.22,-0.11
2015-09-14 18:20:00,66,0.2981146709857119,0,-0.11,-0.22,-0.11
2015-09-14 18:25:00,68,0.3114530576964589,0,-0.11,-0.22,-0.11
2015-09-14 18:30:00,67,0.3026640808088037,0,-0.11,-0.22,-0.11
2015-09-14 18:35:00,67,0.3015741513051425,0,-0.11,-0.22,-0.11
2015-09-14 18:45:00,65,0.2858048434044514,0,-0.11,-0.22,-0.11
2015-09-14 18:50:00,66,0.2928254678759176,0,-0.11,-0.22,-0.11
2015-09-14 19:01:00,68,0.30776583713499484,0,-0.11,-0.22,-0.11
2015-09-14 19:05:00,68,0.3064319417269594,0,-0.11,-0.22,-0.11
2015-09-14 19:15:00,66,0.2890485129838276,0,-0.11,-0.22,-0.11
2015-09-14 19:20:00,69,0.3134070321798064,0,-0.11,-0.22,-0.11
2015-09-14 19:30:00,64,0.2704289086140059,0,-0.11,-0.22,-0.11
2015-09-14 19:35:00,68,0.3040657844894725,0,-0.11,-0.22,-0.11
2015-09-14 19:45:00,65,0.27701551385609724,0,-0.11,-0.22,-0.11
2015-09-14 20:00:00,65,0.2768062827046698,0,-0.11,-0.22,-0.11
2015-09-14 20:10:00,66,0.2855179555370081,0,-0.11,-0.22,-0.11
2015-09-14 20:15:00,58,0.3276296615857323,0,-0.11,-0.22,-0.11
2015-09-14 20:20:00,71,0.33697949966477786,0,-0.11,-0.22,-0.11
2015-09-14 20:25:00,61,0.29923541895647593,0,-0.11,-0.22,-0.11
2015-09-14 20:30:00,72,0.3471854526598299,0,-0.11,-0.22,-0.11
2015-09-14 20:35:00,64,0.27347849637570004,0,-0.11,-0.22,-0.11
2015-09-14 20:40:00,64,0.2733625010681505,0,-0.11,-0.22,-0.11
2015-09-14 20:45:00,67,0.2941906552338963,0,-0.11,-0.22,-0.11
2015-09-14 20:50:00,65,0.2731529219993277,0,-0.11,-0.22,-0.11
2015-09-14 21:30:00,65,0.27304535634984595,0,-0.11,-0.22,-0.11
2015-09-14 21:35:00,65,0.27294057110430603,0,-0.11,-0.22,-0.11
2015-09-14 21:45:00,74,0.3788301449307774,0,-0.11,-0.22,-0.11
2015-09-14 22:06:00,61,0.3132760238823226,0,-0.11,-0.22,-0.11
2015-09-14 22:21:00,60,0.3231804387619606,0,-0.11,-0.22,-0.11
2015-09-14 22:30:00,64,0.27590344739560896,0,-0.11,-0.22,-0.11
2015-09-14 22:40:00,66,0.2841790917386606,0,-0.11,-0.22,-0.11
2015-09-14 22:45:00,66,0.28376723604472565,0,-0.11,-0.22,-0.11
2015-09-14 22:50:00,70,0.33270368409054685,0,-0.11,-0.22,-0.11
2015-09-15 03:45:00,62,0.30486826345796764,0,-0.11,-0.22,-0.11
2015-09-15 04:10:00,64,0.279169197111226,0,-0.11,-0.22,-0.11
2015-09-15 04:31:00,61,0.31706410857415085,0,-0.11,-0.22,-0.11
2015-09-15 04:55:00,90,0.6377074902501536,0,-0.11,-0.22,-0.11
2015-09-15 05:26:00,60,0.32247828219169816,0,-0.11,-0.22,-0.11
2015-09-15 05:31:00,66,0.2723831495812933,0,-0.11,-0.22,-0.11
2015-09-15 05:41:00,63,0.2929412764364013,0,-0.11,-0.22,-0.11
2015-09-15 05:46:00,76,0.3743938599088519,0,-0.11,-0.22,-0.11
2015-09-15 05:51:00,56,0.3664581562635463,0,-0.11,-0.22,-0.11
2015-09-15 06:05:00,72,0.3290363277556701,0,-0.11,-0.22,-0.11
2015-09-15 06:45:00,66,0.27033145328324243,0,-0.11,-0.22,-0.11
2015-09-15 07:06:00,67,0.2794310370060868,0,-0.11,-0.22,-0.11
2015-09-15 07:11:00,63,0.2966371768043446,0,-0.11,-0.22,-0.11
2015-09-15 07:16:00,67,0.2807875669644567,0,-0.11,-0.22,-0.11
2015-09-15 07:21:00,70,0.3112166321389515,0,-0.11,-0.22,-0.11
2015-09-15 07:26:00,70,0.30970032068366143,0,-0.11,-0.22,-0.11
2015-09-15 07:31:00,71,0.3192200255041498,0,-0.11,-0.22,-0.11
2015-09-15 07:46:00,62,0.3165413264032579,0,-0.11,-0.22,-0.11
2015-09-15 07:51:00,69,0.2981489928316126,0,-0.11,-0.22,-0.11
2015-09-15 07:56:00,67,0.2754543509595739,0,-0.11,-0.22,-0.11
2015-09-15 08:11:00,66,0.2734253810283987,0,-0.11,-0.22,-0.11
2015-09-15 08:21:00,65,0.28460148543382885,0,-0.11,-0.22,-0.11
2015-09-15 08:26:00,61,0.3331970100592567,0,-0.11,-0.22,-0.11
2015-09-15 08:31:00,68,0.2915768544979827,0,-0.11,-0.22,-0.11
2015-09-15 08:41:00,66,0.2707481231050876,0,-0.11,-0.22,-0.11
2015-09-15 08:46:00,67,0.27923447341798674,0,-0.11,-0.22,-0.11
2015-09-15 08:51:00,66,0.2712710363058001,0,-0.11,-0.22,-0.11
2015-09-15 08:56:00,66,0.2712118215525104,0,-0.11,-0.22,-0.11
2015-09-15 09:01:00,70,0.320976734900528,0,-0.11,-0.22,-0.11
2015-09-15 09:06:00,71,0.3334184721065097,0,-0.11,-0.22,-0.11
2015-09-15 09:16:00,65,0.290320237934081,0,-0.11,-0.22,-0.11
2015-09-15 09:21:00,63,0.31853538863720826,0,-0.11,-0.22,-0.11
2015-09-15 09:31:00,63,0.3165807873215651,0,-0.11,-0.22,-0.11
2015-09-15 09:36:00,63,0.3147504267565594,0,-0.11,-0.22,-0.11
2015-09-15 09:41:00,62,0.3285018645766681,0,-0.11,-0.22,-0.11
2015-09-15 09:46:00,65,0.2805326319455475,0,-0.11,-0.22,-0.11
2015-09-15 09:51:00,61,0.34301921937214075,0,-0.11,-0.22,-0.11
2015-09-15 10:01:00,72,0.3714140407380248,0,-0.11,-0.22,-0.11
2015-09-15 10:16:00,67,0.2853441958959297,0,-0.11,-0.22,-0.11
2015-09-15 10:26:00,66,0.270181973568596,0,-0.11,-0.22,-0.11
2015-09-15 10:31:00,74,0.4033795518442457,0,-0.11,-0.22,-0.11
2015-09-15 10:36:00,66,0.2735016183135132,0,-0.11,-0.22,-0.11
2015-09-15 10:41:00,70,0.3254230456720891,0,-0.11,-0.22,-0.11
2015-09-15 10:46:00,67,0.27641730609080983,0,-0.11,-0.22,-0.11
2015-09-15 11:06:00,68,0.29166809247758435,0,-0.11,-0.22,-0.11
2015-09-15 11:11:00,66,0.27806353095163405,0,-0.11,-0.22,-0.11
2015-09-15 11:16:00,65,0.2940976684300228,0,-0.11,-0.22,-0.11
2015-09-15 11:21:00,60,0.3842213998262409,0,-0.11,-0.22,-0.11
2015-09-15 11:31:00,66,0.2714114699376697,0,-0.11,-0.22,-0.11
2015-09-15 11:36:00,67,0.282649412064289,0,-0.11,-0.22,-0.11
2015-09-15 11:41:00,66,0.2721049041371719,0,-0.11,-0.22,-0.11
2015-09-15 11:46:00,67,0.2828006318515,0,-0.11,-0.22,-0.11
2015-09-15 11:51:00,66,0.2728061058445509,0,-0.11,-0.22,-0.11
2015-09-15 11:56:00,67,0.28298781962858954,0,-0.11,-0.22,-0.11
2015-09-15 12:06:00,69,0.3211829135417071,0,-0.11,-0.22,-0.11
2015-09-15 12:11:00,69,0.3190512339573636,0,-0.11,-0.22,-0.11
2015-09-15 12:16:00,71,0.3590244602378765,0,-0.11,-0.22,-0.11
2015-09-15 12:21:00,64,0.32176926515862153,0,-0.11,-0.22,-0.11
2015-09-15 12:26:00,69,0.3152388826597951,0,-0.11,-0.22,-0.11
2015-09-15 12:31:00,68,0.293397060810695,0,-0.11,-0.22,-0.11
2015-09-15 12:36:00,67,0.2729638698501341,0,-0.11,-0.22,-0.11
2015-09-15 12:41:00,66,0.2849402405697294,0,-0.11,-0.22,-0.11
2015-09-15 12:46:00,68,0.2945535089572444,0,-0.11,-0.22,-0.11
2015-09-15 12:51:00,72,0.3872021295197727,0,-0.11,-0.22,-0.11
2015-09-15 12:56:00,66,0.2909060600497953,0,-0.11,-0.22,-0.11
2015-09-15 13:01:00,62,0.3818773539723585,0,-0.11,-0.22,-0.11
2015-09-15 13:06:00,71,0.35939936974992776,0,-0.11,-0.22,-0.11
2015-09-15 13:11:00,74,0.4235306109683668,0,-0.11,-0.22,-0.11
2015-09-15 13:16:00,65,0.3131662771632231,0,-0.11,-0.22,-0.11
2015-09-15 13:21:00,61,0.3965087182582152,0,-0.11,-0.22,-0.11
2015-09-15 13:26:00,63,0.3426609276880384,1,1.0,1.0,1.0
2015-09-15 13:31:00,66,0.2816365202688269,1,0.9974673237743696,0.9974673237743696,0.9974673237743695
2015-09-15 13:36:00,63,0.3398007278221355,1,0.9944663453837748,0.9944663453837748,0.9944663453837747
2015-09-15 13:41:00,60,0.3997280866250829,1,0.9909122971351696,0.9909122971351696,0.9909122971351695
2015-09-15 13:46:00,59,0.4072022919423888,1,0.9867058058954474,0.9867058058954474,0.9867058058954474
2015-09-15 13:51:00,60,0.3726106493728405,1,0.9817306754801916,0.9817306754801916,0.9817306754801916
2015-09-15 13:54:00,56,0.4418806999256021,1,0.9758514550893066,0.9758514550893066,0.9758514550893066
2015-09-15 13:59:00,49,0.544519990035469,1,0.9689108275010176,0.9689108275010176,0.9689108275010175
2015-09-15 14:04:00,43,0.5636068341985513,1,0.9607268814309669,0.9607268814309669,0.9607268814309669
2015-09-15 14:09:00,59,0.3087282067618821,1,0.9510903752891,0.9510903752891,0.9510903752891001
2015-09-15 14:14:00,51,0.3929308882225556,1,0.939762157354885,0.939762157354885,0.939762157354885
2015-09-15 14:19:00,42,0.4806187206676854,1,0.9264709826944568,0.9264709826944568,0.9264709826944568
2015-09-15 14:24:00,25,0.6073255182516696,1,0.9109120614477282,0.9109120614477282,0.9109120614477282
2015-09-15 14:29:00,10,0.6096562881281853,1,0.8927467855469282,0.8927467855469282,0.8927467855469282
2015-09-15 14:34:00,8,0.51364332145647,1,0.8716042063328711,0.8716042063328711,0.8716042063328711
2015-09-15 14:39:00,46,0.3004748288477088,1,0.8470849618628639,0.8470849618628639,0.8470849618628639
2015-09-15 14:44:00,65,0.3097821428807224,1,0.8187684579182891,0.8187684579182891,0.8187684579182891
2015-09-15 14:49:00,68,0.32042479949290004,1,0.7862241558438429,0.7862241558438429,0.7862241558438429
2015-09-15 14:54:00,67,0.3142555249012083,1,0.7490277640043964,0.7490277640043964,0.7490277640043964
2015-09-15 14:59:00,64,0.3003289010557085,1,0.7067829063330667,0.7067829063330667,0.7067829063330667
2015-09-15 15:04:00,67,0.3118095893152514,1,0.6591483866450579,0.6591483866450579,0.6591483866450579
2015-09-15 15:09:00,62,0.2893753812486026,1,0.605870432503202,0.605870432503202,0.605870432503202
2015-09-15 15:14:00,66,0.3058215207473089,1,0.5468182846288978,0.5468182846288978,0.5468182846288978
2015-09-15 15:24:00,68,0.3134455009508447,1,0.4820202769740843,0.4820202769740843,0.48202027697408434
2015-09-15 15:34:00,65,0.2984031338762647,1,0.4116963226465555,0.4116963226465555,0.41169632264655553
2015-09-15 15:39:00,65,0.2974955810347778,1,0.3362817953471616,0.3362817953471616,0.3362817953471616
2015-09-15 15:44:00,68,0.3105624659646719,1,0.2564375619608148,0.2564375619608148,0.2564375619608148
2015-09-15 15:49:00,66,0.2996213592146121,1,0.1730417302911223,0.1730417302911223,0.1730417302911223
2015-09-15 15:54:00,64,0.2891975778472135,1,0.08716068383412914,0.08716068383412914,0.08716068383412914
2015-09-15 15:59:00,64,0.2886277930650341,0,-0.009795412917274829,-0.019590825834549658,-0.00979541291727483
2015-09-15 16:04:00,63,0.2831997943606559,0,-0.019436697459237925,-0.03887339491847585,-0.019436697459237925
2015-09-15 16:09:00,63,0.2828170364083989,0,-0.028779275663155468,-0.057558551326310936,-0.02877927566315547
2015-09-15 16:14:00,67,0.30323289796789193,0,-0.03769643976620059,-0.07539287953240117,-0.03769643976620059
2015-09-15 16:19:00,63,0.2809792438438478,0,-0.04608547558222279,-0.09217095116444557,-0.04608547558222279
2015-09-15 16:24:00,66,0.2968221363559712,0,-0.05387106904711034,-0.10774213809422067,-0.05387106904711034
2015-09-15 16:29:00,67,0.3015934890241995,0,-0.06100596945843206,-0.12201193891686413,-0.06100596945843206
2015-09-15 16:34:00,65,0.28918178870309985,0,-0.06746929864349208,-0.13493859728698415,-0.06746929864349208
2015-09-15 16:39:00,65,0.2886125262825297,0,-0.07326315298542402,-0.14652630597084804,-0.07326315298542403
2015-09-15 16:44:00,64,0.2822211722190389,0,-0.0784082268753388,-0.1568164537506776,-0.0784082268753388
2015-09-15 16:49:00,69,0.3125193351235046,0,-0.0829391237519836,-0.1658782475039672,-0.0829391237519836
2015-09-15 16:54:00,65,0.2859551327654512,0,-0.08689987129554172,-0.17379974259108347,-0.08689987129554173
2015-09-15 16:59:00,65,0.2854891520632026,0,-0.09033997785319556,-0.18067995570639114,-0.09033997785319557
2015-09-15 17:04:00,62,0.2716091114626597,0,-0.09331120039532642,-0.18662240079065284,-0.09331120039532642
2015-09-15 17:09:00,57,0.3044430472220874,0,-0.0958650635622034,-0.1917301271244068,-0.09586506356220341
2015-09-15 17:14:00,52,0.33891877401196946,0,-0.09805108145081906,-0.19610216290163807,-0.09805108145081906
2015-09-15 17:19:00,51,0.3426578541386807,0,-0.09991558475736836,-0.19983116951473676,-0.09991558475736836
2015-09-15 17:24:00,62,0.2747667990907368,0,-0.10150103674500907,-0.20300207349001811,-0.10150103674500907
2015-09-15 17:29:00,59,0.28334960872242365,0,-0.10284572233851716,-0.2056914446770343,-0.10284572233851715
2015-09-15 17:39:00,68,0.3185641982739798,0,-0.10398370690483977,-0.20796741380967956,-0.10398370690483977
2015-09-15 17:44:00,64,0.2872281704891433,0,-0.10494497861979436,-0.20988995723958875,-0.10494497861979436
2015-09-15 17:49:00,65,0.2940804299955496,0,-0.1057557066006469,-0.2115114132012938,-0.1057557066006469
2015-09-15 17:54:00,66,0.3009650968920759,0,-0.1064385638365199,-0.2128771276730398,-0.1064385638365199
2015-09-15 17:59:00,67,0.3078299695441386,0,-0.10701307827237624,-0.2140261565447525,-0.10701307827237624
2015-09-15 18:04:00,63,0.27523525429451673,0,-0.10749598689954264,-0.21499197379908527,-0.10749598689954264
2015-09-15 18:14:00,59,0.2941299687675447,0,-0.1079015765300936,-0.2158031530601872,-0.1079015765300936
2015-09-15 18:19:00,68,0.3179598120934843,0,-0.1082420014507156,-0.2164840029014312,-0.1082420014507156
2015-09-15 18:24:00,66,0.2988882982387547,0,-0.10852757279665734,-0.21705514559331468,-0.10852757279665734
2015-09-15 18:29:00,66,0.2979608909787683,0,-0.1087670176754879,-0.2175340353509758,-0.1087670176754879
2015-09-15 18:34:00,65,0.2883740039754373,0,-0.10896770816750227,-0.21793541633500454,-0.10896770816750229
2015-09-15 18:39:00,64,0.27909559351200136,0,-0.10913586163255802,-0.218271723265116,-0.10913586163255799
2015-09-15 18:44:00,70,0.3350003096480174,0,-0.10927671449509453,-0.21855342899018906,-0.10927671449509452
2015-09-15 18:49:00,67,0.3030041695987057,0,-0.10939467203659546,-0.21878934407319087,-0.10939467203659546
2015-09-15 18:54:00,63,0.2726625297520308,0,-0.10949343682772288,-0.21898687365544575,-0.10949343682772289
2015-09-15 19:04:00,64,0.2744713781933414,0,-0.10957611837406796,-0.21915223674813591,-0.10957611837406796
2015-09-15 19:09:00,65,0.2838875462116852,0,-0.10964532639532422,-0.21929065279064844,-0.10964532639532422
2015-09-15 19:14:00,64,0.2737015338129109,0,-0.10970324995242696,-0.21940649990485392,-0.10970324995242696
2015-09-15 19:19:00,60,0.3049762077782232,0,-0.10975172441055477,-0.2195034488211095,-0.10975172441055475
2015-09-15 19:24:00,65,0.28572648449516685,0,-0.10979228799693766,-0.21958457599387526,-0.10979228799693766
2015-09-15 19:29:00,69,0.32959902997344226,0,-0.10982622949281798,-0.219652458985636,-0.10982622949281798
2015-09-15 19:34:00,63,0.27637506340846,0,-0.10985462839524666,-0.21970925679049333,-0.10985462839524666
2015-09-15 19:39:00,59,0.3212294927306368,0,-0.1098783886998768,-0.2197567773997536,-0.1098783886998768
2015-09-15 19:44:00,69,0.33238265299913783,0,-0.10989826729154456,-0.2197965345830891,-0.10989826729154455
2015-09-15 19:49:00,60,0.31084739572626313,0,-0.10991489778485863,-0.2198297955697173,-0.10991489778485865
2015-09-15 19:54:00,60,0.30935131124378784,0,-0.10992881053110083,-0.21985762106220166,-0.10992881053110082
2015-09-15 19:59:00,59,0.32013138152119186,0,-0.10994044939889597,-0.21988089879779196,-0.10994044939889597
2015-09-15 20:09:00,62,0.2819955188644531,0,-0.10995018584259596,-0.21990037168519194,-0.10995018584259597
2015-09-15 20:14:00,61,0.29368401264126304,0,-0.10995833069235847,-0.21991666138471694,-0.10995833069235847
2015-09-15 20:24:00,58,0.3316225047748229,0,-0.10996514403179744,-0.21993028806359488,-0.10996514403179744
2015-09-15 20:29:00,63,0.27214785406800274,0,-0.10997084347125743,-0.21994168694251487,-0.10997084347125743
2015-09-15 20:34:00,65,0.2973005983367205,0,-0.10997561107579304,-0.21995122215158605,-0.10997561107579303
2015-09-15 20:49:00,57,0.347714235098849,0,-0.10997959916555347,-0.21995919833110694,-0.10997959916555348
2015-09-15 20:54:00,62,0.2759953514695953,0,-0.10998293517136112,-0.21996587034272225,-0.10998293517136111
2015-09-15 20:59:00,62,0.2758133624890391,0,-0.10998572569886343,-0.21997145139772686,-0.10998572569886343
2015-09-15 21:04:00,62,0.27563620067656985,0,-0.10998805992989501,-0.21997611985979,-0.10998805992989501
2015-09-15 21:19:00,64,0.289696148141006,0,-0.10999001246888546,-0.2199800249377709,-0.10999001246888546
2015-09-15 21:29:00,63,0.2750111989450703,0,-0.10999164572468112,-0.21998329144936227,-0.10999164572468113
2015-09-15 22:09:00,57,0.3540433724826053,0,-0.10999301190348568,-0.21998602380697135,-0.10999301190348569
2015-09-15 22:34:00,59,0.3173038658657876,0,-0.10999415467632598,-0.219988309352652,-0.10999415467632598
2015-09-15 22:39:00,63,0.2812815380668626,0,-0.10999511057413712,-0.21999022114827427,-0.10999511057413713
2015-09-15 22:44:00,67,0.3440030152145536,0,-0.1099959101549179,-0.2199918203098358,-0.1099959101549179
2015-09-15 23:19:00,65,0.3077422318015593,0,-0.10999657898016604,-0.21999315796033206,-0.10999657898016602
2015-09-15 23:24:00,61,0.29232239572520274,0,-0.10999713843173738,-0.21999427686347475,-0.10999713843173738
2015-09-15 23:29:00,61,0.2916456737060796,0,-0.10999760639519393,-0.21999521279038786,-0.10999760639519393
2015-09-15 23:34:00,60,0.30738646345983384,0,-0.10999799783145156,-0.2199959956629031,-0.10999799783145155
2015-09-16 00:49:00,67,0.3488224880095977,0,-0.10999832525497953,-0.21999665050995906,-0.10999832525497952
2015-09-16 01:44:00,57,0.3628062402971873,0,-0.1099985991338226,-0.2199971982676452,-0.1099985991338226
2015-09-16 02:19:00,59,0.32139020644911226,0,-0.1099988282242231,-0.2199976564484462,-0.1099988282242231
2015-09-16 03:04:00,60,0.30235206131696024,0,-0.10999901985053273,-0.21999803970106546,-0.10999901985053273
2015-09-16 04:44:00,58,0.33618341055427703,0,-0.10999918013935747,-0.21999836027871494,-0.10999918013935749
2015-09-16 05:09:00,66,0.3409481721642665,0,-0.10999931421541764,-0.21999862843083529,-0.10999931421541763
2015-09-16 05:19:00,69,0.393184733634304,0,-0.10999942636538193,-0.21999885273076386,-0.10999942636538193
2015-09-16 05:29:00,62,0.2741018662509772,0,-0.10999952017491196,-0.21999904034982395,-0.10999952017491196
2015-09-16 05:39:00,65,0.31277121579323536,0,-0.10999959864329696,-0.21999919728659392,-0.10999959864329696
2015-09-16 05:49:00,65,0.31116782274776594,0,-0.10999966427934324,-0.21999932855868648,-0.10999966427934324
2015-09-16 06:09:00,61,0.29518003755559263,0,-0.10999971918158333,-0.21999943836316666,-0.10999971918158333
2015-09-16 06:14:00,64,0.29431563771403035,0,-0.1099997651053686,-0.2199995302107372,-0.10999976510536859
2015-09-16 06:24:00,65,0.31164072744772364,0,-0.10999980351899057,-0.2199996070379811,-0.10999980351899055
2015-09-16 06:39:00,65,0.3101009692264276,0,-0.10999983565062453,-0.21999967130124906,-0.10999983565062453
2015-09-16 06:44:00,66,0.3278455777783753,0,-0.10999986252759668,-0.21999972505519336,-0.10999986252759669
2015-09-16 06:54:00,61,0.3049230387694119,0,-0.10999988500922964,-0.2199997700184593,-0.10999988500922965
2015-09-16 07:19:00,64,0.28953526326711426,0,-0.10999990381431672,-0.2199998076286334,-0.10999990381431671
2015-09-16 07:24:00,69,0.3928935044667039,0,-0.1099999195441033,-0.2199998390882066,-0.1099999195441033
2015-09-16 07:29:00,59,0.3493318354049368,0,-0.10999993270151008,-0.21999986540302016,-0.10999993270151008
2015-09-16 07:34:00,71,0.4276043224369541,0,-0.11,-0.22,-0.11
2015-09-16 07:44:00,66,0.3126401701108815,0,-0.11,-0.22,-0.11
2015-09-16 07:49:00,66,0.31104423881588,0,-0.11,-0.22,-0.11
2015-09-16 07:54:00,67,0.3279807485238821,0,-0.11,-0.22,-0.11
2015-09-16 07:59:00,68,0.3444149387674135,0,-0.11,-0.22,-0.11
2015-09-16 08:04:00,64,0.26973168641377604,0,-0.11,-0.22,-0.11
2015-09-16 08:09:00,68,0.3422600847237037,0,-0.11,-0.22,-0.11
2015-09-16 08:14:00,69,0.35819651587847384,0,-0.11,-0.22,-0.11
2015-09-16 08:19:00,71,0.3927822353597171,0,-0.11,-0.22,-0.11
2015-09-16 08:24:00,66,0.2888757190728886,0,-0.11,-0.22,-0.11
2015-09-16 08:29:00,70,0.3627475265195904,0,-0.11,-0.22,-0.11
2015-09-16 08:39:00,71,0.3756767586790064,0,-0.11,-0.22,-0.11
2015-09-16 08:49:00,68,0.31232503528798805,0,-0.11,-0.22,-0.11
2015-09-16 08:54:00,62,0.33044086405795897,0,-0.11,-0.22,-0.11
2015-09-16 08:59:00,67,0.2965234756814171,0,-0.11,-0.22,-0.11
2015-09-16 09:04:00,63,0.3119105859074834,0,-0.11,-0.22,-0.11
2015-09-16 09:09:00,71,0.3754736610717724,0,-0.11,-0.22,-0.11
2015-09-16 09:14:00,64,0.2964929170196947,0,-0.11,-0.22,-0.11
2015-09-16 09:24:00,70,0.3509935560160978,0,-0.11,-0.22,-0.11
2015-09-16 09:34:00,67,0.2904297337034499,0,-0.11,-0.22,-0.11
2015-09-16 09:44:00,67,0.2898186414916631,0,-0.11,-0.22,-0.11
2015-09-16 09:54:00,66,0.2711423711478078,0,-0.11,-0.22,-0.11
2015-09-16 09:59:00,61,0.3656903499463103,0,-0.11,-0.22,-0.11
2015-09-16 10:04:00,69,0.33269072894251794,0,-0.11,-0.22,-0.11
2015-09-16 10:09:00,67,0.290806728862767,0,-0.11,-0.22,-0.11
2015-09-16 10:14:00,70,0.35080259735792224,0,-0.11,-0.22,-0.11
2015-09-16 10:19:00,71,0.3670862422147083,0,-0.11,-0.22,-0.11
2015-09-16 10:24:00,67,0.28125825676109656,0,-0.11,-0.22,-0.11
2015-09-16 10:29:00,59,0.4214740831123848,0,-0.11,-0.22,-0.11
2015-09-16 10:34:00,69,0.3232914289073388,0,-0.11,-0.22,-0.11
2015-09-16 10:44:00,69,0.32101125105579226,0,-0.11,-0.22,-0.11
2015-09-16 10:49:00,68,0.2999598898584264,0,-0.11,-0.22,-0.11
2015-09-16 10:54:00,72,0.3798153297155837,0,-0.11,-0.22,-0.11
2015-09-16 10:59:00,68,0.2929335236043525,0,-0.11,-0.22,-0.11
2015-09-16 11:04:00,62,0.359709240042264,0,-0.11,-0.22,-0.11
2015-09-16 11:09:00,64,0.31425364604658784,0,-0.11,-0.22,-0.11
2015-09-16 11:14:00,66,0.2752629721282222,0,-0.11,-0.22,-0.11
2015-09-16 11:19:00,60,0.3976585630378425,0,-0.11,-0.22,-0.11
2015-09-16 11:24:00,66,0.2692916505883084,0,-0.11,-0.22,-0.11
2015-09-16 11:29:00,71,0.36595582764136064,0,-0.11,-0.22,-0.11
2015-09-16 11:34:00,56,0.4779947491811388,0,-0.11,-0.22,-0.11
2015-09-16 11:39:00,63,0.31305486143740235,0,-0.11,-0.22,-0.11
2015-09-16 11:44:00,67,0.2909369785816579,0,-0.11,-0.22,-0.11
2015-09-16 11:49:00,64,0.2965454498260709,0,-0.11,-0.22,-0.11
2015-09-16 11:59:00,67,0.2922206916841457,0,-0.11,-0.22,-0.11
2015-09-16 12:04:00,62,0.3340245666784795,0,-0.11,-0.22,-0.11
2015-09-16 12:14:00,65,0.2771585209110476,0,-0.11,-0.22,-0.11
2015-09-16 12:19:00,66,0.2782074353805607,0,-0.11,-0.22,-0.11
2015-09-16 12:24:00,65,0.2776305073500737,0,-0.11,-0.22,-0.11
2015-09-16 12:29:00,73,0.4228795218162424,0,-0.11,-0.22,-0.11
2015-09-16 12:34:00,67,0.2887558533979053,0,-0.11,-0.22,-0.11
2015-09-16 12:39:00,62,0.34076828039480644,0,-0.11,-0.22,-0.11
2015-09-16 12:44:00,68,0.3100510173056164,0,-0.11,-0.22,-0.11
2015-09-16 12:49:00,62,0.3404772844131159,0,-0.11,-0.22,-0.11
2015-09-16 12:54:00,67,0.29351438649088424,0,-0.11,-0.22,-0.11
2015-09-16 12:59:00,63,0.3196877329031128,0,-0.11,-0.22,-0.11
2015-09-16 13:04:00,68,0.3151553247164624,1,1.0,1.0,1.0
2015-09-16 13:09:00,69,0.3338082851718427,1,0.9974673237743696,0.9974673237743696,0.9974673237743695
2015-09-16 13:14:00,69,0.3306818592487168,1,0.9944663453837748,0.9944663453837748,0.9944663453837747
2015-09-16 13:19:00,65,0.2880239682376311,1,0.9909122971351696,0.9909122971351696,0.9909122971351695
2015-09-16 13:24:00,61,0.3724739716687368,1,0.9867058058954474,0.9867058058954474,0.9867058058954474
2015-09-16 13:29:00,73,0.4224361959663307,1,0.9817306754801916,0.9817306754801916,0.9817306754801916
2015-09-16 13:34:00,66,0.2702259218974555,1,0.9758514550893066,0.9758514550893066,0.9758514550893066
2015-09-16 13:39:00,51,0.5885642788850429,1,0.9689108275010176,0.9689108275010176,0.9689108275010175
2015-09-16 13:44:00,50,0.5117067447549243,1,0.9607268814309669,0.9607268814309669,0.9607268814309669
2015-09-16 13:49:00,34,0.6798654249037626,1,0.9510903752891,0.9510903752891,0.9510903752891001
2015-09-16 13:54:00,24,0.6197029992957472,1,0.939762157354885,0.939762157354885,0.939762157354885
2015-09-16 13:59:00,7,0.6218269028924277,1,0.9264709826944568,0.9264709826944568,0.9264709826944568
2015-09-16 14:04:00,14,0.4723671997699468,1,0.9109120614477282,0.9109120614477282,0.9109120614477282
2015-09-16 14:09:00,7,0.4670600716324442,1,0.8927467855469282,0.8927467855469282,0.8927467855469282
2015-09-16 14:14:00,32,0.3406676131831749,1,0.8716042063328711,0.8716042063328711,0.8716042063328711
2015-09-16 14:19:00,17,0.3912079054491459,1,0.8470849618628639,0.8470849618628639,0.8470849618628639
2015-09-16 14:24:00,8,0.4120812126905827,1,0.8187684579182891,0.8187684579182891,0.8187684579182891
2015-09-16 14:29:00,6,0.40252542408997616,1,0.7862241558438429,0.7862241558438429,0.7862241558438429
2015-09-16 14:30:00,8,0.3821300687112579,1,0.7490277640043964,0.7490277640043964,0.7490277640043964
2015-09-16 14:35:00,20,0.3365895912283157,1,0.7067829063330667,0.7067829063330667,0.7067829063330667
2015-09-16 14:40:00,8,0.3689804036779452,1,0.6591483866450579,0.6591483866450579,0.6591483866450579
2015-09-16 14:45:00,23,0.3184070326678421,1,0.605870432503202,0.605870432503202,0.605870432503202
2015-09-16 14:50:00,74,0.3618914922757738,1,0.5468182846288978,0.5468182846288978,0.5468182846288978
2015-09-16 14:55:00,65,0.3295786656874957,1,0.4820202769740843,0.4820202769740843,0.48202027697408434
2015-09-16 15:00:00,67,0.33251351411624713,1,0.4116963226465555,0.4116963226465555,0.41169632264655553
2015-09-16 15:05:00,74,0.3498519429509536,1,0.3362817953471616,0.3362817953471616,0.3362817953471616
2015-09-16 15:10:00,59,0.3027678298756456,1,0.2564375619608148,0.2564375619608148,0.2564375619608148
2015-09-16 15:15:00,65,0.3185400854178507,1,0.1730417302911223,0.1730417302911223,0.1730417302911223
2015-09-16 15:20:00,64,0.3137118608926344,1,0.08716068383412914,0.08716068383412914,0.08716068383412914
2015-09-16 15:25:00,64,0.31205424345003635,0,-0.009795412917274829,-0.019590825834549658,-0.00979541291727483
2015-09-16 15:30:00,68,0.32237171218297633,0,-0.019436697459237925,-0.03887339491847585,-0.019436697459237925
2015-09-16 15:35:00,73,0.3354517587493309,0,-0.028779275663155468,-0.057558551326310936,-0.02877927566315547
2015-09-16 15:40:00,71,0.3260232085274632,0,-0.03769643976620059,-0.07539287953240117,-0.03769643976620059
2015-09-16 15:45:00,67,0.3113547113874608,0,-0.04608547558222279,-0.09217095116444557,-0.04608547558222279
2015-09-16 15:50:00,66,0.3067833132946361,0,-0.05387106904711034,-0.10774213809422067,-0.05387106904711034
2015-09-16 15:55:00,68,0.31170768671070265,0,-0.06100596945843206,-0.12201193891686413,-0.06100596945843206
2015-09-16 16:00:00,65,0.3007544895450929,1,1.0,1.0,1.0
2015-09-16 16:05:00,57,0.2750421661489246,1,0.9974673237743696,0.9974673237743696,0.9974673237743695
2015-09-16 16:10:00,70,0.31673952413432765,1,0.9944663453837748,0.9944663453837748,0.9944663453837747
2015-09-16 16:15:00,66,0.3015195996786926,1,0.9909122971351696,0.9909122971351696,0.9909122971351695
2015-09-16 16:20:00,66,0.3004804721802599,1,0.9867058058954474,0.9867058058954474,0.9867058058954474
2015-09-16 16:25:00,65,0.29607093008889923,1,0.9817306754801916,0.9817306754801916,0.9817306754801916
2015-09-16 16:30:00,66,0.2987404959123676,1,0.9758514550893066,0.9758514550893066,0.9758514550893066
2015-09-16 16:35:00,64,0.29074102988881045,1,0.9689108275010176,0.9689108275010176,0.9689108275010175
2015-09-16 16:40:00,55,0.279237043235731,1,0.9607268814309669,0.9607268814309669,0.9607268814309669
2015-09-16 16:45:00,30,0.3769363861979138,1,0.9510903752891,0.9510903752891,0.9510903752891001
2015-09-16 16:50:00,11,0.44782601620676826,1,0.939762157354885,0.939762157354885,0.939762157354885
2015-09-16 16:55:00,12,0.4170132759173584,1,0.9264709826944568,0.9264709826944568,0.9264709826944568
2015-09-16 17:00:00,33,0.3277306228830015,1,0.9109120614477282,0.9109120614477282,0.9109120614477282
2015-09-16 17:05:00,43,0.2933100881792024,1,0.8927467855469282,0.8927467855469282,0.8927467855469282
2015-09-16 17:10:00,1,0.4395873683940461,1,0.8716042063328711,0.8716042063328711,0.8716042063328711
2015-09-16 17:15:00,19,0.3559684811107294,1,0.8470849618628639,0.8470849618628639,0.8470849618628639
2015-09-16 17:20:00,23,0.3379573949915999,1,0.8187684579182891,0.8187684579182891,0.8187684579182891
2015-09-16 17:25:00,53,0.2896376463204916,1,0.7862241558438429,0.7862241558438429,0.7862241558438429
2015-09-16 17:30:00,60,0.3098238736290167,1,0.7490277640043964,0.7490277640043964,0.7490277640043964
2015-09-16 17:35:00,56,0.2962444894702013,1,0.7067829063330667,0.7067829063330667,0.7067829063330667
2015-09-16 17:40:00,44,0.2780058836015281,1,0.6591483866450579,0.6591483866450579,0.6591483866450579
2015-09-16 17:45:00,57,0.2997604596522173,1,0.605870432503202,0.605870432503202,0.605870432503202
2015-09-16 17:50:00,55,0.2923880073133521,1,0.5468182846288978,0.5468182846288978,0.5468182846288978
2015-09-16 17:55:00,63,0.3183941900981462,1,0.4820202769740843,0.4820202769740843,0.48202027697408434
2015-09-16 18:00:00,68,0.333943700923084,1,0.4116963226465555,0.4116963226465555,0.41169632264655553
2015-09-16 18:05:00,70,0.33793608645253803,1,0.3362817953471616,0.3362817953471616,0.3362817953471616
2015-09-16 18:10:00,62,0.30647299400136696,1,0.2564375619608148,0.2564375619608148,0.2564375619608148
2015-09-16 18:15:00,66,0.31924369261915736,1,0.1730417302911223,0.1730417302911223,0.1730417302911223
2015-09-16 18:20:00,67,0.3208391119861102,1,0.08716068383412914,0.08716068383412914,0.08716068383412914
2015-09-16 18:25:00,68,0.3223791189237116,0,-0.009795412917274829,-0.019590825834549658,-0.00979541291727483
2015-09-16 18:30:00,67,0.31648924057666983,0,-0.019436697459237925,-0.03887339491847585,-0.019436697459237925
2015-09-16 18:35:00,66,0.31097331570881703,0,-0.028779275663155468,-0.057558551326310936,-0.02877927566315547
2015-09-16 18:40:00,68,0.31697950455839896,0,-0.03769643976620059,-0.07539287953240117,-0.03769643976620059
2015-09-16 18:45:00,69,0.3189554711878747,0,-0.04608547558222279,-0.09217095116444557,-0.04608547558222279
2015-09-16 18:50:00,68,0.31310643792922144,0,-0.05387106904711034,-0.10774213809422067,-0.05387106904711034
2015-09-16 18:55:00,71,0.32331149697048456,0,-0.06100596945843206,-0.12201193891686413,-0.06100596945843206
2015-09-16 19:05:00,67,0.3052105781122157,0,-0.06746929864349208,-0.13493859728698415,-0.06746929864349208
2015-09-16 19:10:00,64,0.2922420943546031,0,-0.07326315298542402,-0.14652630597084804,-0.07326315298542403
2015-09-16 19:15:00,64,0.29156821260922544,0,-0.0784082268753388,-0.1568164537506776,-0.0784082268753388
2015-09-16 19:25:00,64,0.2909179687364323,0,-0.0829391237519836,-0.1658782475039672,-0.0829391237519836
2015-09-16 19:30:00,63,0.28617403176595635,0,-0.08689987129554172,-0.17379974259108347,-0.08689987129554173
2015-09-16 19:35:00,65,0.2941625791280993,0,-0.09033997785319556,-0.18067995570639114,-0.09033997785319557
2015-09-16 19:40:00,64,0.2890821254674289,0,-0.09331120039532642,-0.18662240079065284,-0.09331120039532642
2015-09-16 19:45:00,65,0.2929513976964582,0,-0.0958650635622034,-0.1917301271244068,-0.09586506356220341
2015-09-16 19:50:00,66,0.29682300599799866,0,-0.09805108145081906,-0.19610216290163807,-0.09805108145081906
2015-09-16 20:00:00,63,0.28212539206744874,0,-0.09991558475736836,-0.19983116951473676,-0.09991558475736836
2015-09-16 20:05:00,67,0.3007900294629744,0,-0.10150103674500907,-0.20300207349001811,-0.10150103674500907
2015-09-16 20:10:00,62,0.27570737859301164,0,-0.10284572233851716,-0.2056914446770343,-0.10284572233851715
2015-09-16 20:15:00,61,0.2707467135861901,0,-0.10398370690483977,-0.20796741380967956,-0.10398370690483977
2015-09-16 20:20:00,62,0.2756116117835292,0,-0.10494497861979436,-0.20988995723958875,-0.10494497861979436
2015-09-16 20:25:00,65,0.29088618191671683,0,-0.1057557066006469,-0.2115114132012938,-0.1057557066006469
2015-09-16 20:30:00,63,0.2796808982559256,0,-0.1064385638365199,-0.2128771276730398,-0.1064385638365199
2015-09-16 20:35:00,61,0.26907524529555144,0,-0.10701307827237624,-0.2140261565447525,-0.10701307827237624
2015-09-16 20:40:00,59,0.27994815628291897,0,-0.10749598689954264,-0.21499197379908527,-0.10749598689954264
2015-09-16 20:45:00,56,0.2968886532859261,0,-0.1079015765300936,-0.2158031530601872,-0.1079015765300936
2015-09-16 20:50:00,65,0.2939366876700116,0,-0.1082420014507156,-0.2164840029014312,-0.1082420014507156
2015-09-16 20:55:00,63,0.2812279988672253,0,-0.10852757279665734,-0.21705514559331468,-0.10852757279665734
2015-09-16 21:00:00,67,0.30574992039976745,0,-0.1087670176754879,-0.2175340353509758,-0.1087670176754879
2015-09-16 21:05:00,63,0.2792794263412437,0,-0.10896770816750227,-0.21793541633500454,-0.10896770816750229
2015-09-16 21:10:00,57,0.2967676654210068,0,-0.10913586163255802,-0.218271723265116,-0.10913586163255799
2015-09-16 21:15:00,58,0.2893037664998861,0,-0.10927671449509453,-0.21855342899018906,-0.10927671449509452
2015-09-16 21:25:00,68,0.3162680481265168,0,-0.10939467203659546,-0.21878934407319087,-0.10939467203659546
2015-09-16 21:40:00,62,0.27316770873903445,0,-0.10949343682772288,-0.21898687365544575,-0.10949343682772289
2015-09-16 21:45:00,64,0.28679119478658044,0,-0.10957611837406796,-0.21915223674813591,-0.10957611837406796
2015-09-16 21:55:00,66,0.3007671638854611,0,-0.10964532639532422,-0.21929065279064844,-0.10964532639532422
2015-09-16 22:05:00,65,0.292341590550063,0,-0.10970324995242696,-0.21940649990485392,-0.10970324995242696
2015-09-16 22:14:00,57,0.30547525566045913,0,-0.10975172441055477,-0.2195034488211095,-0.10975172441055475
2015-09-16 22:20:00,61,0.2737846906880668,0,-0.10979228799693766,-0.21958457599387526,-0.10979228799693766
2015-09-16 22:25:00,58,0.2969293153158837,0,-0.10982622949281798,-0.219652458985636,-0.10982622949281798
2015-09-16 22:30:00,62,0.2731975257495962,0,-0.10985462839524666,-0.21970925679049333,-0.10985462839524666
2015-09-16 22:40:00,61,0.2726716419291249,0,-0.1098783886998768,-0.2197567773997536,-0.1098783886998768
2015-09-16 22:45:00,63,0.2815919098958178,0,-0.10989826729154456,-0.2197965345830891,-0.10989826729154455
2015-09-16 22:55:00,59,0.2902858241357271,0,-0.10991489778485863,-0.2198297955697173,-0.10991489778485865
2015-09-16 23:10:00,64,0.2914298645157397,0,-0.10992881053110083,-0.21985762106220166,-0.10992881053110082
2015-09-16 23:35:00,64,0.2907844303261598,0,-0.10994044939889597,-0.21988089879779196,-0.10994044939889597
2015-09-16 23:55:00,59,0.2930291610625965,0,-0.10995018584259596,-0.21990037168519194,-0.10995018584259597
2015-09-17 00:10:00,66,0.31126878203648584,0,-0.10995833069235847,-0.21991666138471694,-0.10995833069235847
2015-09-17 00:45:00,63,0.2806149708561564,0,-0.10996514403179744,-0.21993028806359488,-0.10996514403179744
2015-09-17 01:05:00,57,0.31653215736017304,0,-0.10997084347125743,-0.21994168694251487,-0.10997084347125743
2015-09-17 01:40:00,56,0.3252688543183029,0,-0.10997561107579304,-0.21995122215158605,-0.10997561107579303
2015-09-17 01:55:00,53,0.35578784104095845,0,-0.10997959916555347,-0.21995919833110694,-0.10997959916555348
2015-09-17 02:10:00,66,0.3205268749795445,0,-0.10998293517136112,-0.21996587034272225,-0.10998293517136111
2015-09-17 02:50:00,61,0.2702111757532801,0,-0.10998572569886343,-0.21997145139772686,-0.10998572569886343
2015-09-17 03:20:00,56,0.3226017095940141,0,-0.10998805992989501,-0.21997611985979,-0.10998805992989501
2015-09-17 04:35:00,58,0.2986114307152491,0,-0.10999001246888546,-0.2199800249377709,-0.10999001246888546
2015-09-17 04:55:00,62,0.2821733855414038,0,-0.10999164572468112,-0.21998329144936227,-0.10999164572468113
2015-09-17 05:10:00,64,0.3038874881147793,0,-0.10999301190348568,-0.21998602380697135,-0.10999301190348569
2015-09-17 05:15:00,65,0.31433050687935804,0,-0.10999415467632598,-0.219988309352652,-0.10999415467632598
2015-09-17 05:30:00,73,0.41418050413735297,0,-0.10999511057413712,-0.21999022114827427,-0.10999511057413713
2015-09-17 05:35:00,63,0.28192378323515305,0,-0.1099959101549179,-0.2199918203098358,-0.1099959101549179
2015-09-17 05:40:00,63,0.2815782020740169,0,-0.10999657898016604,-0.21999315796033206,-0.10999657898016602
2015-09-17 05:45:00,66,0.3154015874611187,0,-0.10999713843173738,-0.21999427686347475,-0.10999713843173738
2015-09-17 05:50:00,62,0.2697394999805261,0,-0.10999760639519393,-0.21999521279038786,-0.10999760639519393
2015-09-17 05:55:00,72,0.3923801715344921,0,-0.10999799783145156,-0.2199959956629031,-0.10999799783145155
2015-09-17 06:15:00,56,0.3445999511849791,0,-0.10999832525497953,-0.21999665050995906,-0.10999832525497952
2015-09-17 06:20:00,52,0.3906894163478824,0,-0.1099985991338226,-0.2199971982676452,-0.1099985991338226
2015-09-17 06:25:00,61,0.2764538146273913,0,-0.1099988282242231,-0.2199976564484462,-0.1099988282242231
2015-09-17 06:30:00,51,0.3946045144689887,0,-0.10999901985053273,-0.21999803970106546,-0.10999901985053273
2015-09-17 06:40:00,64,0.2985543868393661,0,-0.10999918013935747,-0.21999836027871494,-0.10999918013935749
2015-09-17 06:55:00,60,0.2825004977447889,0,-0.10999931421541764,-0.21999862843083529,-0.10999931421541763
2015-09-17 07:00:00,59,0.29312835765469625,0,-0.10999942636538193,-0.21999885273076386,-0.10999942636538193
2015-09-17 07:05:00,38,0.5666945012651334,0,-0.10999952017491196,-0.21999904034982395,-0.10999952017491196
2015-09-17 07:10:00,53,0.3314936180870849,0,-0.10999959864329696,-0.21999919728659392,-0.10999959864329696
2015-09-17 07:15:00,56,0.3006857145283425,0,-0.10999966427934324,-0.21999932855868648,-0.10999966427934324
2015-09-17 07:25:00,53,0.3280985194358454,0,-0.10999971918158333,-0.21999943836316666,-0.10999971918158333
2015-09-17 07:35:00,68,0.35300025418569025,0,-0.1099997651053686,-0.2199995302107372,-0.10999976510536859
2015-09-17 07:40:00,56,0.3008081627871751,0,-0.10999980351899057,-0.2199996070379811,-0.10999980351899055
2015-09-17 07:45:00,62,0.2926790875575033,0,-0.10999983565062453,-0.21999967130124906,-0.10999983565062453
2015-09-17 07:50:00,65,0.3212575128686829,0,-0.10999986252759668,-0.21999972505519336,-0.10999986252759669
2015-09-17 07:55:00,61,0.280172532295769,0,-0.10999988500922964,-0.2199997700184593,-0.10999988500922965
2015-09-17 08:00:00,64,0.30955238680217056,0,-0.10999990381431672,-0.2199998076286334,-0.10999990381431671
2015-09-17 08:05:00,60,0.2694581845101267,0,-0.1099999195441033,-0.2199998390882066,-0.1099999195441033
2015-09-17 08:10:00,58,0.2894497546392874,0,-0.10999993270151008,-0.21999986540302016,-0.10999993270151008
2015-09-17 08:15:00,62,0.2899396292312291,0,-0.11,-0.22,-0.11
2015-09-17 08:20:00,67,0.3456350644998292,0,-0.11,-0.22,-0.11
2015-09-17 08:25:00,61,0.27511930709225474,0,-0.11,-0.22,-0.11
2015-09-17 08:30:00,59,0.2841595875916152,0,-0.11,-0.22,-0.11
2015-09-17 08:35:00,60,0.2727933710115387,0,-0.11,-0.22,-0.11
2015-09-17 08:40:00,59,0.28393470057777564,0,-0.11,-0.22,-0.11
2015-09-17 08:45:00,59,0.2835301542962948,0,-0.11,-0.22,-0.11
2015-09-17 08:50:00,63,0.3023803145966598,0,-0.11,-0.22,-0.11
2015-09-17 08:55:00,55,0.33638219549860604,0,-0.11,-0.22,-0.11
2015-09-17 09:00:00,54,0.34650376190347576,0,-0.11,-0.22,-0.11
2015-09-17 09:05:00,64,0.32146480231428154,0,-0.11,-0.22,-0.11
2015-09-17 09:10:00,63,0.3062908337495017,0,-0.11,-0.22,-0.11
2015-09-17 09:15:00,67,0.3597055332270873,0,-0.11,-0.22,-0.11
2015-09-17 09:20:00,62,0.28750146715102176,0,-0.11,-0.22,-0.11
2015-09-17 09:25:00,67,0.35474147743538026,0,-0.11,-0.22,-0.11
2015-09-17 09:30:00,65,0.3218079726140867,0,-0.11,-0.22,-0.11
2015-09-17 09:35:00,63,0.2930921586604465,0,-0.11,-0.22,-0.11
2015-09-17 09:40:00,61,0.27122905974014044,0,-0.11,-0.22,-0.11
2015-09-17 09:45:00,69,0.38062698701765824,0,-0.11,-0.22,-0.11
2015-09-17 09:50:00,65,0.31399984277544896,0,-0.11,-0.22,-0.11
2015-09-17 09:55:00,63,0.2852875953375408,0,-0.11,-0.22,-0.11
2015-09-17 10:00:00,65,0.3125338605548068,0,-0.11,-0.22,-0.11
2015-09-17 10:05:00,71,0.4030817095629177,0,-0.11,-0.22,-0.11
2015-09-17 10:10:00,66,0.3162801113320321,0,-0.11,-0.22,-0.11
2015-09-17 10:15:00,64,0.2872525028893948,0,-0.11,-0.22,-0.11
2015-09-17 10:20:00,61,0.2911296368984368,0,-0.11,-0.22,-0.11
2015-09-17 10:25:00,65,0.3024350972147022,0,-0.11,-0.22,-0.11
2015-09-17 10:30:00,65,0.3013554424053397,0,-0.11,-0.22,-0.11
2015-09-17 10:35:00,62,0.2803837321590963,0,-0.11,-0.22,-0.11
2015-09-17 10:45:00,64,0.2867412040556056,0,-0.11,-0.22,-0.11
2015-09-17 10:50:00,61,0.2964896189871562,0,-0.11,-0.22,-0.11
2015-09-17 10:55:00,59,0.3281286297518585,0,-0.11,-0.22,-0.11
2015-09-17 11:00:00,64,0.2911493434193045,0,-0.11,-0.22,-0.11
2015-09-17 11:05:00,55,0.4002342843897176,0,-0.11,-0.22,-0.11
2015-09-17 11:10:00,62,0.2725632686056411,0,-0.11,-0.22,-0.11
2015-09-17 11:15:00,61,0.28785717529604643,0,-0.11,-0.22,-0.11
2015-09-17 11:20:00,66,0.3316026465247073,0,-0.11,-0.22,-0.11
2015-09-17 11:25:00,61,0.29053311839083656,0,-0.11,-0.22,-0.11
2015-09-17 11:30:00,69,0.3868055947277479,0,-0.11,-0.22,-0.11
2015-09-17 11:35:00,66,0.32331932420158715,0,-0.11,-0.22,-0.11
2015-09-17 11:40:00,68,0.35613721980845475,0,-0.11,-0.22,-0.11
2015-09-17 11:45:00,69,0.36842481529370535,0,-0.11,-0.22,-0.11
2015-09-17 11:50:00,66,0.3102577266601155,0,-0.11,-0.22,-0.11
2015-09-17 11:55:00,66,0.3087935869786421,0,-0.11,-0.22,-0.11
2015-09-17 12:00:00,64,0.2749515285903744,0,-0.11,-0.22,-0.11
2015-09-17 12:05:00,63,0.27911263491482885,0,-0.11,-0.22,-0.11
2015-09-17 12:10:00,68,0.3461518581549713,0,-0.11,-0.22,-0.11
2015-09-17 12:20:00,62,0.2994900308425242,0,-0.11,-0.22,-0.11
2015-09-17 12:25:00,66,0.3081228892005857,0,-0.11,-0.22,-0.11
2015-09-17 12:30:00,71,0.4044869105823286,0,-0.11,-0.22,-0.11
2015-09-17 12:35:00,67,0.3159396028947363,0,-0.11,-0.22,-0.11
2015-09-17 12:40:00,66,0.29665901905614744,0,-0.11,-0.22,-0.11
2015-09-17 12:45:00,62,0.3109440967715308,0,-0.11,-0.22,-0.11
2015-09-17 12:50:00,62,0.30944273169068914,0,-0.11,-0.22,-0.11
2015-09-17 12:55:00,62,0.3080220276320002,0,-0.11,-0.22,-0.11
2015-09-17 13:00:00,59,0.3659187165979211,0,-0.11,-0.22,-0.11
2015-09-17 13:05:00,56,0.4209904190141461,0,-0.11,-0.22,-0.11
2015-09-17 13:10:00,41,0.6947958288704494,0,-0.11,-0.22,-0.11
2015-09-17 13:15:00,63,0.2761393369346821,0,-0.11,-0.22,-0.11
2015-09-17 13:20:00,46,0.4712305522680063,0,-0.11,-0.22,-0.11
2015-09-17 13:25:00,47,0.4240534629283717,0,-0.11,-0.22,-0.11
2015-09-17 13:30:00,63,0.2885590075495765,0,-0.11,-0.22,-0.11
2015-09-17 13:35:00,50,0.3766636518461639,0,-0.11,-0.22,-0.11
2015-09-17 13:40:00,46,0.4099954538670672,0,-0.11,-0.22,-0.11
2015-09-17 13:45:00,33,0.5282883869952616,0,-0.11,-0.22,-0.11
2015-09-17 13:50:00,23,0.5530042201488312,0,-0.11,-0.22,-0.11
2015-09-17 13:55:00,26,0.4588361715232031,0,-0.11,-0.22,-0.11
2015-09-17 14:00:00,19,0.4703571133707113,0,-0.11,-0.22,-0.11
2015-09-17 14:05:00,27,0.3933072790982883,0,-0.11,-0.22,-0.11
